SRA_run	SRA_sample	SRA_study	host_taxon	host_taxid	contig_id	contig_len	ViralRefSeq_E	ViralRefSeq_ident	ViralRefSeq_aLen	ViralRefSeq_subject	ViralRefSeq_taxonomy	date_analyzed
ERR6509773	ERS7263349	ERP131230	Bos taurus	9913	ERR6509773_cap3_Contig-1	8674	1.87e-09	25.166000	302	acc:YP_010803261|tubulin-tyrosine ligase/tubulin polyglutamylase [Fadolivirus algeromassiliense]	taxid:3060017|Fadolivirus|Klosneuvirinae|Mimiviridae|Imitervirales|Megaviricetes|Nucleocytoviricota|Bamfordvirae|Varidnaviria	2024-07-11
ERR6509773	ERS7263349	ERP131230	Bos taurus	9913	ERR6509773_cap3_Contig-2	276	4.82e-42	73.333000	90	acc:NP_054697|RNA polymerase [Tupaia paramyxovirus]	taxid:92129|Narmovirus tupaiae|Narmovirus|Orthoparamyxovirinae|Paramyxoviridae|Mononegavirales|Monjiviricetes|Haploviricotina|Negarnaviricota|Orthornavirae|Riboviria	2024-07-11
ERR6509773	ERS7263349	ERP131230	Bos taurus	9913	ERR6509773_cap3_Contig-3	247	1.16e-38	70.732000	82	acc:YP_087126|L protein [Rinderpest virus (strain Kabete O)]	taxid:11242|Morbillivirus pecoris|Morbillivirus|Orthoparamyxovirinae|Paramyxoviridae|Mononegavirales|Monjiviricetes|Haploviricotina|Negarnaviricota|Orthornavirae|Riboviria	2024-07-11
ERR6509773	ERS7263349	ERP131230	Bos taurus	9913	ERR6509773_cap3_Contig-4	152	6.01e-19	67.347000	49	acc:YP_009337417|hypothetical protein 1 [Changjiang tombus-like virus 9]	taxid:1922823|Riboviria	2024-07-11
SRR12001320	SRS6829728	SRP267007	Chiroptera	9397	SRR12001320_cap3_Contig-1	1811	2.64e-170	50.682000	513	acc:YP_009337372|hypothetical protein [Hubei picorna-like virus 43]	taxid:1923124|Riboviria	2024-07-12
SRR12001320	SRS6829728	SRP267007	Chiroptera	9397	SRR12001320_cap3_Contig-2	1611	8.66e-107	36.784000	541	acc:YP_010800904|putative replicase [Jimsystermes virus]	taxid:2796600|Copasivirus manlyvaleense|Copasivirus|Lispiviridae|Mononegavirales|Monjiviricetes|Haploviricotina|Negarnaviricota|Orthornavirae|Riboviria	2024-07-12
SRR12001320	SRS6829728	SRP267007	Chiroptera	9397	SRR12001320_cap3_Contig-3	1468	0.0	70.843000	415	acc:YP_009337046|hypothetical protein [Shuangao insect virus 12]	taxid:1923468|Riboviria	2024-07-12
SRR12001320	SRS6829728	SRP267007	Chiroptera	9397	SRR12001320_cap3_Contig-4	937	1.42e-77	59.908000	217	acc:YP_009552080|polyprotein [Yongsan iflavirus 1]	taxid:2315809|Iflaviridae|Picornavirales|Pisoniviricetes|Pisuviricota|Orthornavirae|Riboviria	2024-07-12
SRR12001320	SRS6829728	SRP267007	Chiroptera	9397	SRR12001320_cap3_Contig-5	702	4.35e-93	63.514000	222	acc:YP_009552080|polyprotein [Yongsan iflavirus 1]	taxid:2315809|Iflaviridae|Picornavirales|Pisoniviricetes|Pisuviricota|Orthornavirae|Riboviria	2024-07-12
SRR12001320	SRS6829728	SRP267007	Chiroptera	9397	SRR12001320_cap3_Contig-6	586	9.48e-23	36.559000	186	acc:YP_009304989|RNA-dependent RNA polymerase [Wenzhou Shrimp Virus 1]	taxid:1608095|Wenrivirus penaei|Wenrivirus|Phenuiviridae|Bunyavirales|Ellioviricetes|Polyploviricotina|Negarnaviricota|Orthornavirae|Riboviria	2024-07-12
SRR12001320	SRS6829728	SRP267007	Chiroptera	9397	SRR12001320_cap3_Contig-7	491	0.14	30.667000	75	acc:YP_009330099|hypothetical protein [Hubei noda-like virus 17]	taxid:1922972|Riboviria	2024-07-12
SRR12001320	SRS6829728	SRP267007	Chiroptera	9397	SRR12001320_cap3_Contig-8	440	1.11e-94	99.310000	145	acc:YP_009508298|polyprotein [Shanbavirus A]	taxid:2170191|Shanbavirus|Paavivirinae|Picornaviridae|Picornavirales|Pisoniviricetes|Pisuviricota|Orthornavirae|Riboviria	2024-07-12
SRR12001320	SRS6829728	SRP267007	Chiroptera	9397	SRR12001320_cap3_Contig-9	433	3.59e-04	84.211000	19	acc:YP_009342337|hypothetical protein [Wuhan fly virus 4]	taxid:1923698|Riboviria	2024-07-12
SRR12001320	SRS6829728	SRP267007	Chiroptera	9397	SRR12001320_cap3_Contig-10	398	1.13e-32	45.385000	130	acc:YP_009336880|hypothetical protein 3 [Hubei tombus-like virus 19]	taxid:1923265|Riboviria	2024-07-12
SRR12001320	SRS6829728	SRP267007	Chiroptera	9397	SRR12001320_cap3_Contig-11	224	4.27e-20	92.308000	39	acc:YP_009342337|hypothetical protein [Wuhan fly virus 4]	taxid:1923698|Riboviria	2024-07-12
SRR12032699	SRS6856672	SRP267623	Sus scrofa	9823	SRR12032699_cap3_Contig-1	1118	4.2	31.915000	47	acc:YP_001876436|ORF 1a polyprotein [Beluga whale coronavirus SW1]	taxid:694015|Cegacovirus|Gammacoronavirus|Orthocoronavirinae|Coronaviridae|Cornidovirineae|Nidovirales|Pisoniviricetes|Pisuviricota|Orthornavirae|Riboviria	2024-07-11
SRR12032699	SRS6856672	SRP267623	Sus scrofa	9823	SRR12032699_cap3_Contig-2	364	8.99e-53	65.833000	120	acc:YP_009362251|polymerase [Sweetwater Branch virus]	taxid:1272958|Tibrovirus sweetwater|Tibrovirus|Alpharhabdovirinae|Rhabdoviridae|Mononegavirales|Monjiviricetes|Haploviricotina|Negarnaviricota|Orthornavirae|Riboviria	2024-07-11
SRR12032699	SRS6856672	SRP267623	Sus scrofa	9823	SRR12032699_cap3_Contig-3	345	1.34e-47	67.826000	115	acc:YP_009362251|polymerase [Sweetwater Branch virus]	taxid:1272958|Tibrovirus sweetwater|Tibrovirus|Alpharhabdovirinae|Rhabdoviridae|Mononegavirales|Monjiviricetes|Haploviricotina|Negarnaviricota|Orthornavirae|Riboviria	2024-07-11
SRR12032699	SRS6856672	SRP267623	Sus scrofa	9823	SRR12032699_cap3_Contig-4	340	2.38e-46	61.062000	113	acc:YP_009362251|polymerase [Sweetwater Branch virus]	taxid:1272958|Tibrovirus sweetwater|Tibrovirus|Alpharhabdovirinae|Rhabdoviridae|Mononegavirales|Monjiviricetes|Haploviricotina|Negarnaviricota|Orthornavirae|Riboviria	2024-07-11
SRR12032699	SRS6856672	SRP267623	Sus scrofa	9823	SRR12032699_cap3_Contig-5	174	5.51e-22	71.930000	57	acc:YP_009301743|RNA-dependent RNA polymerase [Wuhan Insect virus 7]	taxid:1608112|Rhabdoviridae|Mononegavirales|Monjiviricetes|Haploviricotina|Negarnaviricota|Orthornavirae|Riboviria	2024-07-11
SRR12430148	SRS7182233	SRP277057	Heteromys desmarestianus	323367	SRR12430148_cap3_Contig-1	17699	0.0	61.900000	2189	acc:YP_009666847|L protein [Mount Mabu Lophuromys virus 1]	taxid:2116559|Jeilongvirus lophuromysis|Jeilongvirus|Orthoparamyxovirinae|Paramyxoviridae|Mononegavirales|Monjiviricetes|Haploviricotina|Negarnaviricota|Orthornavirae|Riboviria	2024-07-12
SRR12430148	SRS7182233	SRP277057	Heteromys desmarestianus	323367	SRR12430148_cap3_Contig-2	3049	0.0	70.936000	609	acc:YP_009173627|Hsp70 protein [Chrysochromulina ericina virus]	taxid:455364|Phycodnaviridae|Algavirales|Megaviricetes|Nucleocytoviricota|Bamfordvirae|Varidnaviria	2024-07-12
SRR12430149	SRS7182232	SRP277057	Heteromys desmarestianus	323367	SRR12430149_cap3_Contig-1	6229	0.0	63.199000	2038	acc:YP_009666847|L protein [Mount Mabu Lophuromys virus 1]	taxid:2116559|Jeilongvirus lophuromysis|Jeilongvirus|Orthoparamyxovirinae|Paramyxoviridae|Mononegavirales|Monjiviricetes|Haploviricotina|Negarnaviricota|Orthornavirae|Riboviria	2024-07-12
SRR12430149	SRS7182232	SRP277057	Heteromys desmarestianus	323367	SRR12430149_cap3_Contig-2	2929	0.0	70.936000	609	acc:YP_009173627|Hsp70 protein [Chrysochromulina ericina virus]	taxid:455364|Phycodnaviridae|Algavirales|Megaviricetes|Nucleocytoviricota|Bamfordvirae|Varidnaviria	2024-07-12
SRR12430149	SRS7182232	SRP277057	Heteromys desmarestianus	323367	SRR12430149_cap3_Contig-3	554	1.17e-73	62.703000	185	acc:YP_009506360|polyprotein [Hepacivirus glareoli]	taxid:3052229|Hepacivirus|Flaviviridae|Amarillovirales|Flasuviricetes|Kitrinoviricota|Orthornavirae|Riboviria	2024-07-12
SRR12430151	SRS7182230	SRP277057	Chaetodipus intermedius	38666	SRR12430151_cap3_Contig-1	17652	0.0	62.511000	2182	acc:YP_009666847|L protein [Mount Mabu Lophuromys virus 1]	taxid:2116559|Jeilongvirus lophuromysis|Jeilongvirus|Orthoparamyxovirinae|Paramyxoviridae|Mononegavirales|Monjiviricetes|Haploviricotina|Negarnaviricota|Orthornavirae|Riboviria	2024-07-11
SRR12430151	SRS7182230	SRP277057	Chaetodipus intermedius	38666	SRR12430151_cap3_Contig-2	1117	0.0	77.898000	371	acc:YP_007905983|putative NS5B protein [Rodent pegivirus]	taxid:1321391|Pegivirus neotomae|Pegivirus|Flaviviridae|Amarillovirales|Flasuviricetes|Kitrinoviricota|Orthornavirae|Riboviria	2024-07-11
SRR12430155	SRS7182226	SRP277057	Notomys alexis	184396	SRR12430155_cap3_Contig-1	15707	0.0	79.163000	2174	acc:YP_009666847|L protein [Mount Mabu Lophuromys virus 1]	taxid:2116559|Jeilongvirus lophuromysis|Jeilongvirus|Orthoparamyxovirinae|Paramyxoviridae|Mononegavirales|Monjiviricetes|Haploviricotina|Negarnaviricota|Orthornavirae|Riboviria	2024-07-12
SRR12430155	SRS7182226	SRP277057	Notomys alexis	184396	SRR12430155_cap3_Contig-2	15371	0.0	81.396000	2177	acc:YP_512254|large protein [Beilong virus]	taxid:341053|Jeilongvirus beilongi|Jeilongvirus|Orthoparamyxovirinae|Paramyxoviridae|Mononegavirales|Monjiviricetes|Haploviricotina|Negarnaviricota|Orthornavirae|Riboviria	2024-07-12
SRR12430155	SRS7182226	SRP277057	Notomys alexis	184396	SRR12430155_cap3_Contig-3	10146	1.02e-63	33.086000	405	acc:YP_009342179|RNA-dependent DNA polymerase [Lymphocystis disease virus Sa]	taxid:1898060|Lymphocystivirus|Alphairidovirinae|Iridoviridae|Pimascovirales|Megaviricetes|Nucleocytoviricota|Bamfordvirae|Varidnaviria	2024-07-12
SRR12430155	SRS7182226	SRP277057	Notomys alexis	184396	SRR12430155_cap3_Contig-5	2129	1.23e-111	38.165000	545	acc:YP_010649013|Ro-like RNA binding protein [Gordonia phage Forza]	taxid:2571247|Forzavirus forza|Forzavirus|Caudoviricetes|Uroviricota|Heunggongvirae|Duplodnaviria	2024-07-12
SRR12430155	SRS7182226	SRP277057	Notomys alexis	184396	SRR12430155_cap3_Contig-6	1266	2.42e-69	33.586000	396	acc:YP_009342179|RNA-dependent DNA polymerase [Lymphocystis disease virus Sa]	taxid:1898060|Lymphocystivirus|Alphairidovirinae|Iridoviridae|Pimascovirales|Megaviricetes|Nucleocytoviricota|Bamfordvirae|Varidnaviria	2024-07-12
SRR12430155	SRS7182226	SRP277057	Notomys alexis	184396	SRR12430155_cap3_Contig-7	975	5.67e-48	32.787000	183	acc:YP_010087922|RNA-dependent DNA polymerase [Lymphocystis disease virus 4]	taxid:2704413|Lymphocystivirus|Alphairidovirinae|Iridoviridae|Pimascovirales|Megaviricetes|Nucleocytoviricota|Bamfordvirae|Varidnaviria	2024-07-12
SRR12430155	SRS7182226	SRP277057	Notomys alexis	184396	SRR12430155_cap3_Contig-8	596	9.47e-28	27.711000	249	acc:NP_077596|serine-threonine kinase [Ectocarpus siliculosus virus 1]	taxid:37665|Phaeovirus|Phycodnaviridae|Algavirales|Megaviricetes|Nucleocytoviricota|Bamfordvirae|Varidnaviria	2024-07-12
SRR12430155	SRS7182226	SRP277057	Notomys alexis	184396	SRR12430155_cap3_Contig-9	431	9.11e-08	30.233000	86	acc:YP_073558|RNA-dependent DNA polymerase [lymphocystis disease virus-China]	taxid:256729|Lymphocystis disease virus 2|Lymphocystivirus|Alphairidovirinae|Iridoviridae|Pimascovirales|Megaviricetes|Nucleocytoviricota|Bamfordvirae|Varidnaviria	2024-07-12
SRR12430155	SRS7182226	SRP277057	Notomys alexis	184396	SRR12430155_cap3_Contig-10	420	1.50e-19	33.094000	139	acc:YP_073558|RNA-dependent DNA polymerase [lymphocystis disease virus-China]	taxid:256729|Lymphocystis disease virus 2|Lymphocystivirus|Alphairidovirinae|Iridoviridae|Pimascovirales|Megaviricetes|Nucleocytoviricota|Bamfordvirae|Varidnaviria	2024-07-12
SRR12430155	SRS7182226	SRP277057	Notomys alexis	184396	SRR12430155_cap3_Contig-11	392	1.12e-19	33.600000	125	acc:YP_073558|RNA-dependent DNA polymerase [lymphocystis disease virus-China]	taxid:256729|Lymphocystis disease virus 2|Lymphocystivirus|Alphairidovirinae|Iridoviridae|Pimascovirales|Megaviricetes|Nucleocytoviricota|Bamfordvirae|Varidnaviria	2024-07-12
SRR12430155	SRS7182226	SRP277057	Notomys alexis	184396	SRR12430155_cap3_Contig-12	224	0.038	35.897000	39	acc:YP_009831831|hypothetical protein HWB05_gp106 [Streptomyces phage BRock]	taxid:1913591|Borockvirus brock|Borockvirus|Caudoviricetes|Uroviricota|Heunggongvirae|Duplodnaviria	2024-07-12
SRR12430156	SRS7182225	SRP277057	Notomys alexis	184396	SRR12430156_cap3_Contig-1	17632	0.0	79.255000	2174	acc:YP_009666847|L protein [Mount Mabu Lophuromys virus 1]	taxid:2116559|Jeilongvirus lophuromysis|Jeilongvirus|Orthoparamyxovirinae|Paramyxoviridae|Mononegavirales|Monjiviricetes|Haploviricotina|Negarnaviricota|Orthornavirae|Riboviria	2024-07-11
SRR12430174	SRS7182207	SRP277057	Chaetodipus intermedius	38666	SRR12430174_cap3_Contig-1	14824	0.0	69.891000	1375	acc:YP_009666847|L protein [Mount Mabu Lophuromys virus 1]	taxid:2116559|Jeilongvirus lophuromysis|Jeilongvirus|Orthoparamyxovirinae|Paramyxoviridae|Mononegavirales|Monjiviricetes|Haploviricotina|Negarnaviricota|Orthornavirae|Riboviria	2024-07-11
SRR12430174	SRS7182207	SRP277057	Chaetodipus intermedius	38666	SRR12430174_cap3_Contig-2	795	3.0	39.535000	43	acc:YP_010842366|putative ORFan [Cotonvirus japonicus]	taxid:2811091|Cotonvirus japonicum|Cotonvirus|Megamimivirinae|Mimiviridae|Imitervirales|Megaviricetes|Nucleocytoviricota|Bamfordvirae|Varidnaviria	2024-07-11
SRR12430174	SRS7182207	SRP277057	Chaetodipus intermedius	38666	SRR12430174_cap3_Contig-3	255	3.97e-49	97.619000	84	acc:NP_619740|replication-associated protein [Pepper mild mottle virus]	taxid:12239|Tobamovirus|Virgaviridae|Martellivirales|Alsuviricetes|Kitrinoviricota|Orthornavirae|Riboviria	2024-07-11
SRR12430176	SRS7182205	SRP277057	Heteromys desmarestianus	323367	SRR12430176_cap3_Contig-1	3132	0.0	70.936000	609	acc:YP_009173627|Hsp70 protein [Chrysochromulina ericina virus]	taxid:455364|Phycodnaviridae|Algavirales|Megaviricetes|Nucleocytoviricota|Bamfordvirae|Varidnaviria	2024-07-11
SRR12430176	SRS7182205	SRP277057	Heteromys desmarestianus	323367	SRR12430176_cap3_Contig-2	1534	0.0	75.483000	518	acc:YP_338085|large protein [J virus]	taxid:322067|Jeilongvirus queenslandense|Jeilongvirus|Orthoparamyxovirinae|Paramyxoviridae|Mononegavirales|Monjiviricetes|Haploviricotina|Negarnaviricota|Orthornavirae|Riboviria	2024-07-11
SRR12430176	SRS7182205	SRP277057	Heteromys desmarestianus	323367	SRR12430176_cap3_Contig-3	504	2.3	37.778000	45	acc:NP_694434|putative minor capsid protein L2 [Epsilonpapillomavirus 1]	taxid:40537|Epsilonpapillomavirus|Firstpapillomavirinae|Papillomaviridae|Zurhausenvirales|Papovaviricetes|Cossaviricota|Shotokuvirae|Monodnaviria	2024-07-11
SRR12430176	SRS7182205	SRP277057	Heteromys desmarestianus	323367	SRR12430176_cap3_Contig-4	439	7.11e-64	78.814000	118	acc:YP_010799333|large protein [Bat paramyxovirus]	taxid:1300978|Jeilongvirus murinae|Jeilongvirus|Orthoparamyxovirinae|Paramyxoviridae|Mononegavirales|Monjiviricetes|Haploviricotina|Negarnaviricota|Orthornavirae|Riboviria	2024-07-11
SRR12430176	SRS7182205	SRP277057	Heteromys desmarestianus	323367	SRR12430176_cap3_Contig-5	240	6.01e-33	63.291000	79	acc:YP_009666855|L protein [Mount Mabu Lophuromys virus 2]	taxid:2116560|Jeilongvirus mabuense|Jeilongvirus|Orthoparamyxovirinae|Paramyxoviridae|Mononegavirales|Monjiviricetes|Haploviricotina|Negarnaviricota|Orthornavirae|Riboviria	2024-07-11
SRR12430176	SRS7182205	SRP277057	Heteromys desmarestianus	323367	SRR12430176_cap3_Contig-6	202	3.10e-36	86.154000	65	acc:YP_010799333|large protein [Bat paramyxovirus]	taxid:1300978|Jeilongvirus murinae|Jeilongvirus|Orthoparamyxovirinae|Paramyxoviridae|Mononegavirales|Monjiviricetes|Haploviricotina|Negarnaviricota|Orthornavirae|Riboviria	2024-07-11
SRR12805715	SRS10559299	SRP211773	Sus scrofa domesticus	9825	SRR12805715_cap3_Contig-1	989	2.26e-142	62.918000	329	acc:YP_009362251|polymerase [Sweetwater Branch virus]	taxid:1272958|Tibrovirus sweetwater|Tibrovirus|Alpharhabdovirinae|Rhabdoviridae|Mononegavirales|Monjiviricetes|Haploviricotina|Negarnaviricota|Orthornavirae|Riboviria	2024-07-11
SRR12805715	SRS10559299	SRP211773	Sus scrofa domesticus	9825	SRR12805715_cap3_Contig-2	683	4.69e-83	56.579000	228	acc:YP_009362180|polymerase [La Joya virus]	taxid:1272946|Hapavirus lajoya|Hapavirus|Alpharhabdovirinae|Rhabdoviridae|Mononegavirales|Monjiviricetes|Haploviricotina|Negarnaviricota|Orthornavirae|Riboviria	2024-07-11
SRR12805715	SRS10559299	SRP211773	Sus scrofa domesticus	9825	SRR12805715_cap3_Contig-3	299	1.49e-44	69.388000	98	acc:YP_009505526|RNA polymerase, partial [Durham virus]	taxid:710545|Tupavirus durham|Tupavirus|Alpharhabdovirinae|Rhabdoviridae|Mononegavirales|Monjiviricetes|Haploviricotina|Negarnaviricota|Orthornavirae|Riboviria	2024-07-11
SRR13631492	SRS8197590	SRP304735	Myotis riparius	124752	SRR13631492_cap3_Contig-1	3614	0.0	52.736000	1005	acc:YP_009109559|RNA-dependent RNA polymerase [Macrophomina phaseolina tobamo-like virus]	taxid:1527523|Virgaviridae|Martellivirales|Alsuviricetes|Kitrinoviricota|Orthornavirae|Riboviria	2024-07-12
SRR13631492	SRS8197590	SRP304735	Myotis riparius	124752	SRR13631492_cap3_Contig-2	2267	0.0	56.617000	733	acc:YP_010800876|ORF1AB [Veiled chameleon serpentovirus A]	taxid:2806429|Lyctovirus alpa|Chalatovirus|Lyctovirus|Serpentovirinae|Tobaniviridae|Tornidovirineae|Nidovirales|Pisoniviricetes|Pisuviricota|Orthornavirae|Riboviria	2024-07-12
SRR13631492	SRS8197590	SRP304735	Myotis riparius	124752	SRR13631492_cap3_Contig-3	1374	0.0	81.651000	436	acc:YP_010840285|RNA-dependent RNA polymerase [Penicillium discovirus]	taxid:2185132|Orthodiscovirus missouriense|Orthodiscovirus|Discoviridae|Bunyavirales|Ellioviricetes|Polyploviricotina|Negarnaviricota|Orthornavirae|Riboviria	2024-07-12
SRR13631492	SRS8197590	SRP304735	Myotis riparius	124752	SRR13631492_cap3_Contig-4	883	6.45e-150	82.824000	262	acc:YP_010840285|RNA-dependent RNA polymerase [Penicillium discovirus]	taxid:2185132|Orthodiscovirus missouriense|Orthodiscovirus|Discoviridae|Bunyavirales|Ellioviricetes|Polyploviricotina|Negarnaviricota|Orthornavirae|Riboviria	2024-07-12
SRR13631492	SRS8197590	SRP304735	Myotis riparius	124752	SRR13631492_cap3_Contig-5	874	6.29e-101	85.165000	182	acc:NP_945030|large protein [Dolphin morbillivirus]	taxid:37131|Morbillivirus ceti|Morbillivirus|Orthoparamyxovirinae|Paramyxoviridae|Mononegavirales|Monjiviricetes|Haploviricotina|Negarnaviricota|Orthornavirae|Riboviria	2024-07-12
SRR13631492	SRS8197590	SRP304735	Myotis riparius	124752	SRR13631492_cap3_Contig-6	816	1.39e-114	77.533000	227	acc:NP_047207|large polymerase protein L [canine distemper virus]	taxid:3139435|Morbillivirus canis|Morbillivirus|Orthoparamyxovirinae|Paramyxoviridae|Mononegavirales|Monjiviricetes|Haploviricotina|Negarnaviricota|Orthornavirae|Riboviria	2024-07-12
SRR13631492	SRS8197590	SRP304735	Myotis riparius	124752	SRR13631492_cap3_Contig-7	625	1.78e-81	71.823000	181	acc:YP_009177604|large protein [Phocine morbillivirus]	taxid:11240|Morbillivirus phocae|Morbillivirus|Orthoparamyxovirinae|Paramyxoviridae|Mononegavirales|Monjiviricetes|Haploviricotina|Negarnaviricota|Orthornavirae|Riboviria	2024-07-12
SRR13631492	SRS8197590	SRP304735	Myotis riparius	124752	SRR13631492_cap3_Contig-8	617	3.63e-77	91.538000	130	acc:YP_009177604|large protein [Phocine morbillivirus]	taxid:11240|Morbillivirus phocae|Morbillivirus|Orthoparamyxovirinae|Paramyxoviridae|Mononegavirales|Monjiviricetes|Haploviricotina|Negarnaviricota|Orthornavirae|Riboviria	2024-07-12
SRR13631492	SRS8197590	SRP304735	Myotis riparius	124752	SRR13631492_cap3_Contig-9	542	7.39e-50	50.000000	168	acc:YP_009666299|1ab, partial [Xinzhou nematode virus 6]	taxid:1923774|Sectovirus 1|Sanematovirus|Sectovirus|Serpentovirinae|Tobaniviridae|Tornidovirineae|Nidovirales|Pisoniviricetes|Pisuviricota|Orthornavirae|Riboviria	2024-07-12
SRR13631492	SRS8197590	SRP304735	Myotis riparius	124752	SRR13631492_cap3_Contig-10	462	1.64e-07	28.226000	124	acc:YP_010840852|polyprotein [pineapple secovirus B]	taxid:2989723|Sadwavirus betananas|Cholivirus|Sadwavirus|Secoviridae|Picornavirales|Pisoniviricetes|Pisuviricota|Orthornavirae|Riboviria	2024-07-12
SRR13631492	SRS8197590	SRP304735	Myotis riparius	124752	SRR13631492_cap3_Contig-11	452	8.6	32.353000	34	acc:YP_007027011|polyprotein [Cassava brown streak virus]	taxid:137758|Ipomovirus|Potyviridae|Patatavirales|Stelpaviricetes|Pisuviricota|Orthornavirae|Riboviria	2024-07-12
SRR13631492	SRS8197590	SRP304735	Myotis riparius	124752	SRR13631492_cap3_Contig-12	327	5.31e-46	69.231000	104	acc:YP_009507831|RNA-dependent RNA polymerase, partial [Scheffersomyces segobiensis virus L]	taxid:1300323|Totivirus|Totiviridae|Ghabrivirales|Chrymotiviricetes|Duplornaviricota|Orthornavirae|Riboviria	2024-07-12
SRR13631492	SRS8197590	SRP304735	Myotis riparius	124752	SRR13631492_cap3_Contig-13	313	0.13	30.556000	36	acc:YP_002456112|DNA polymerase [Erwinia phage phiEa21-4]	taxid:557393|Kolesnikvirus Ea214|Kolesnikvirus|Ounavirinae|Caudoviricetes|Uroviricota|Heunggongvirae|Duplodnaviria	2024-07-12
SRR13631492	SRS8197590	SRP304735	Myotis riparius	124752	SRR13631492_cap3_Contig-14	219	4.03e-13	82.857000	35	acc:NP_047207|large polymerase protein L [canine distemper virus]	taxid:3139435|Morbillivirus canis|Morbillivirus|Orthoparamyxovirinae|Paramyxoviridae|Mononegavirales|Monjiviricetes|Haploviricotina|Negarnaviricota|Orthornavirae|Riboviria	2024-07-12
SRR13631492	SRS8197590	SRP304735	Myotis riparius	124752	SRR13631492_cap3_Contig-15	218	2.24e-22	59.722000	72	acc:YP_009507829|polyprotein [Scheffersomyces segobiensis virus L]	taxid:1300323|Totivirus|Totiviridae|Ghabrivirales|Chrymotiviricetes|Duplornaviricota|Orthornavirae|Riboviria	2024-07-12
SRR13631492	SRS8197590	SRP304735	Myotis riparius	124752	SRR13631492_cap3_Contig-16	204	3.16e-38	92.537000	67	acc:YP_009177604|large protein [Phocine morbillivirus]	taxid:11240|Morbillivirus phocae|Morbillivirus|Orthoparamyxovirinae|Paramyxoviridae|Mononegavirales|Monjiviricetes|Haploviricotina|Negarnaviricota|Orthornavirae|Riboviria	2024-07-12
SRR13631492	SRS8197590	SRP304735	Myotis riparius	124752	SRR13631492_cap3_Contig-17	183	6.14e-10	57.778000	45	acc:YP_009337688|hypothetical protein 2 [Beihai tombus-like virus 7]	taxid:1922728|Riboviria	2024-07-12
SRR13631492	SRS8197590	SRP304735	Myotis riparius	124752	SRR13631492_cap3_Contig-18	178	8.34e-19	83.333000	42	acc:YP_009337778|RdRp [Hubei permutotetra-like virus 9]	taxid:1923083|Riboviria	2024-07-12
SRR13631492	SRS8197590	SRP304735	Myotis riparius	124752	SRR13631492_cap3_Contig-19	152	1.19e-13	70.732000	41	acc:YP_009507829|polyprotein [Scheffersomyces segobiensis virus L]	taxid:1300323|Totivirus|Totiviridae|Ghabrivirales|Chrymotiviricetes|Duplornaviricota|Orthornavirae|Riboviria	2024-07-12
SRR13631492	SRS8197590	SRP304735	Myotis riparius	124752	SRR13631492_cap3_Contig-20	142	7.68e-24	91.489000	47	acc:YP_087126|L protein [Rinderpest virus (strain Kabete O)]	taxid:11242|Morbillivirus pecoris|Morbillivirus|Orthoparamyxovirinae|Paramyxoviridae|Mononegavirales|Monjiviricetes|Haploviricotina|Negarnaviricota|Orthornavirae|Riboviria	2024-07-12
SRR13631492	SRS8197590	SRP304735	Myotis riparius	124752	SRR13631492_cap3_Contig-21	136	2.88e-13	56.818000	44	acc:YP_008327312|RNA-dependent RNA polymerase [Ustilaginoidea virens partitivirus 2]	taxid:1415665|Partitiviridae|Durnavirales|Duplopiviricetes|Pisuviricota|Orthornavirae|Riboviria	2024-07-12
SRR13631492	SRS8197590	SRP304735	Myotis riparius	124752	SRR13631492_cap3_Contig-22	125	2.77e-13	65.000000	40	acc:YP_008327312|RNA-dependent RNA polymerase [Ustilaginoidea virens partitivirus 2]	taxid:1415665|Partitiviridae|Durnavirales|Duplopiviricetes|Pisuviricota|Orthornavirae|Riboviria	2024-07-12
SRR13631492	SRS8197590	SRP304735	Myotis riparius	124752	SRR13631492_cap3_Contig-23	113	1.63e-14	83.784000	37	acc:YP_009337018|hypothetical protein [Hubei picorna-like virus 48]	taxid:1923129|Riboviria	2024-07-12
SRR13631492	SRS8197590	SRP304735	Myotis riparius	124752	SRR13631492_cap3_Contig-24	112	1.16e-15	90.909000	33	acc:YP_392482|RNA-dependent RNA polymerase [Penicillium chrysogenum virus]	taxid:158372|Alphachrysovirus penicillii|Alphachrysovirus|Chrysoviridae|Ghabrivirales|Chrymotiviricetes|Duplornaviricota|Orthornavirae|Riboviria	2024-07-12
SRR13631492	SRS8197590	SRP304735	Myotis riparius	124752	SRR13631492_cap3_Contig-25	106	8.32e-12	67.647000	34	acc:YP_009507831|RNA-dependent RNA polymerase, partial [Scheffersomyces segobiensis virus L]	taxid:1300323|Totivirus|Totiviridae|Ghabrivirales|Chrymotiviricetes|Duplornaviricota|Orthornavirae|Riboviria	2024-07-12
SRR14579810	SRS9011879	SRP320372	Miniopterus natalensis	291302	SRR14579810_cap3_Contig-1	255	1.22e-05	29.630000	81	acc:YP_008003507|RNA-dependent RNA polymerase [Lone Star virus]	taxid:1219465|Bandavirus amblyommae|Bandavirus|Phenuiviridae|Bunyavirales|Ellioviricetes|Polyploviricotina|Negarnaviricota|Orthornavirae|Riboviria	2024-07-12
SRR14579810	SRS9011879	SRP320372	Miniopterus natalensis	291302	SRR14579810_cap3_Contig-2	247	3.12e-45	85.366000	82	acc:YP_009336489|hypothetical protein 2 [Hubei tombus-like virus 4]	taxid:1923288|Riboviria	2024-07-12
SRR14579810	SRS9011879	SRP320372	Miniopterus natalensis	291302	SRR14579810_cap3_Contig-3	240	9.55e-10	62.745000	51	acc:YP_009551502|RNA dependent RNA polymerase [Diatom colony associated dsRNA virus 17 genome type B]	taxid:1678178|dsRNA viruses|Riboviria	2024-07-12
SRR14579862	SRS9011827	SRP320372	Otomops harrisoni	2218597	SRR14579862_cap3_Contig-1	14296	0.0	91.462000	2682	acc:YP_010799729|polyprotein 1ab [Alphacoronavirus sp.]	taxid:1906673|Alphacoronavirus|Orthocoronavirinae|Coronaviridae|Cornidovirineae|Nidovirales|Pisoniviricetes|Pisuviricota|Orthornavirae|Riboviria	2024-07-15
SRR14579862	SRS9011827	SRP320372	Otomops harrisoni	2218597	SRR14579862_cap3_Contig-2	4015	9.38e-62	34.758000	351	acc:YP_010087922|RNA-dependent DNA polymerase [Lymphocystis disease virus 4]	taxid:2704413|Lymphocystivirus|Alphairidovirinae|Iridoviridae|Pimascovirales|Megaviricetes|Nucleocytoviricota|Bamfordvirae|Varidnaviria	2024-07-15
SRR14579862	SRS9011827	SRP320372	Otomops harrisoni	2218597	SRR14579862_cap3_Contig-3	2685	7.46e-70	35.638000	376	acc:YP_010087922|RNA-dependent DNA polymerase [Lymphocystis disease virus 4]	taxid:2704413|Lymphocystivirus|Alphairidovirinae|Iridoviridae|Pimascovirales|Megaviricetes|Nucleocytoviricota|Bamfordvirae|Varidnaviria	2024-07-15
SRR14579862	SRS9011827	SRP320372	Otomops harrisoni	2218597	SRR14579862_cap3_Contig-4	2240	1.35e-65	35.503000	338	acc:YP_010087922|RNA-dependent DNA polymerase [Lymphocystis disease virus 4]	taxid:2704413|Lymphocystivirus|Alphairidovirinae|Iridoviridae|Pimascovirales|Megaviricetes|Nucleocytoviricota|Bamfordvirae|Varidnaviria	2024-07-15
SRR14579862	SRS9011827	SRP320372	Otomops harrisoni	2218597	SRR14579862_cap3_Contig-5	1930	3.46e-69	36.390000	349	acc:YP_010087922|RNA-dependent DNA polymerase [Lymphocystis disease virus 4]	taxid:2704413|Lymphocystivirus|Alphairidovirinae|Iridoviridae|Pimascovirales|Megaviricetes|Nucleocytoviricota|Bamfordvirae|Varidnaviria	2024-07-15
SRR14579862	SRS9011827	SRP320372	Otomops harrisoni	2218597	SRR14579862_cap3_Contig-6	1695	1.69e-65	35.693000	339	acc:YP_010087922|RNA-dependent DNA polymerase [Lymphocystis disease virus 4]	taxid:2704413|Lymphocystivirus|Alphairidovirinae|Iridoviridae|Pimascovirales|Megaviricetes|Nucleocytoviricota|Bamfordvirae|Varidnaviria	2024-07-15
SRR14579862	SRS9011827	SRP320372	Otomops harrisoni	2218597	SRR14579862_cap3_Contig-7	1317	1.02e-50	35.632000	261	acc:YP_010087922|RNA-dependent DNA polymerase [Lymphocystis disease virus 4]	taxid:2704413|Lymphocystivirus|Alphairidovirinae|Iridoviridae|Pimascovirales|Megaviricetes|Nucleocytoviricota|Bamfordvirae|Varidnaviria	2024-07-15
SRR14579862	SRS9011827	SRP320372	Otomops harrisoni	2218597	SRR14579862_cap3_Contig-8	1265	1.86e-60	38.095000	273	acc:YP_010087922|RNA-dependent DNA polymerase [Lymphocystis disease virus 4]	taxid:2704413|Lymphocystivirus|Alphairidovirinae|Iridoviridae|Pimascovirales|Megaviricetes|Nucleocytoviricota|Bamfordvirae|Varidnaviria	2024-07-15
SRR14579862	SRS9011827	SRP320372	Otomops harrisoni	2218597	SRR14579862_cap3_Contig-9	1014	2.43e-14	34.028000	144	acc:YP_009342179|RNA-dependent DNA polymerase [Lymphocystis disease virus Sa]	taxid:1898060|Lymphocystivirus|Alphairidovirinae|Iridoviridae|Pimascovirales|Megaviricetes|Nucleocytoviricota|Bamfordvirae|Varidnaviria	2024-07-15
SRR14579862	SRS9011827	SRP320372	Otomops harrisoni	2218597	SRR14579862_cap3_Contig-10	854	4.96e-40	33.921000	227	acc:YP_009342179|RNA-dependent DNA polymerase [Lymphocystis disease virus Sa]	taxid:1898060|Lymphocystivirus|Alphairidovirinae|Iridoviridae|Pimascovirales|Megaviricetes|Nucleocytoviricota|Bamfordvirae|Varidnaviria	2024-07-15
SRR14579862	SRS9011827	SRP320372	Otomops harrisoni	2218597	SRR14579862_cap3_Contig-11	847	3.57e-71	51.741000	201	acc:NP_733887|ORF34 [callitrichine gammaherpesvirus 3]	taxid:106331|Lymphocryptovirus callitrichinegamma3|Lymphocryptovirus|Gammaherpesvirinae|Orthoherpesviridae|Herpesvirales|Herviviricetes|Peploviricota|Heunggongvirae|Duplodnaviria	2024-07-15
SRR14579862	SRS9011827	SRP320372	Otomops harrisoni	2218597	SRR14579862_cap3_Contig-12	813	1.93e-08	36.735000	49	acc:YP_009342179|RNA-dependent DNA polymerase [Lymphocystis disease virus Sa]	taxid:1898060|Lymphocystivirus|Alphairidovirinae|Iridoviridae|Pimascovirales|Megaviricetes|Nucleocytoviricota|Bamfordvirae|Varidnaviria	2024-07-15
SRR14579862	SRS9011827	SRP320372	Otomops harrisoni	2218597	SRR14579862_cap3_Contig-13	788	9.34e-06	28.409000	88	acc:YP_009342179|RNA-dependent DNA polymerase [Lymphocystis disease virus Sa]	taxid:1898060|Lymphocystivirus|Alphairidovirinae|Iridoviridae|Pimascovirales|Megaviricetes|Nucleocytoviricota|Bamfordvirae|Varidnaviria	2024-07-15
SRR14579862	SRS9011827	SRP320372	Otomops harrisoni	2218597	SRR14579862_cap3_Contig-14	662	1.27e-28	37.736000	159	acc:YP_009342179|RNA-dependent DNA polymerase [Lymphocystis disease virus Sa]	taxid:1898060|Lymphocystivirus|Alphairidovirinae|Iridoviridae|Pimascovirales|Megaviricetes|Nucleocytoviricota|Bamfordvirae|Varidnaviria	2024-07-15
SRR14579862	SRS9011827	SRP320372	Otomops harrisoni	2218597	SRR14579862_cap3_Contig-15	639	1.91e-04	29.730000	111	acc:YP_009342179|RNA-dependent DNA polymerase [Lymphocystis disease virus Sa]	taxid:1898060|Lymphocystivirus|Alphairidovirinae|Iridoviridae|Pimascovirales|Megaviricetes|Nucleocytoviricota|Bamfordvirae|Varidnaviria	2024-07-15
SRR14579862	SRS9011827	SRP320372	Otomops harrisoni	2218597	SRR14579862_cap3_Contig-16	623	2.85e-33	38.922000	167	acc:YP_010087922|RNA-dependent DNA polymerase [Lymphocystis disease virus 4]	taxid:2704413|Lymphocystivirus|Alphairidovirinae|Iridoviridae|Pimascovirales|Megaviricetes|Nucleocytoviricota|Bamfordvirae|Varidnaviria	2024-07-15
SRR14579862	SRS9011827	SRP320372	Otomops harrisoni	2218597	SRR14579862_cap3_Contig-17	609	6.52e-21	41.053000	95	acc:YP_009342179|RNA-dependent DNA polymerase [Lymphocystis disease virus Sa]	taxid:1898060|Lymphocystivirus|Alphairidovirinae|Iridoviridae|Pimascovirales|Megaviricetes|Nucleocytoviricota|Bamfordvirae|Varidnaviria	2024-07-15
SRR14579862	SRS9011827	SRP320372	Otomops harrisoni	2218597	SRR14579862_cap3_Contig-19	573	1.11e-13	45.455000	88	acc:YP_009342179|RNA-dependent DNA polymerase [Lymphocystis disease virus Sa]	taxid:1898060|Lymphocystivirus|Alphairidovirinae|Iridoviridae|Pimascovirales|Megaviricetes|Nucleocytoviricota|Bamfordvirae|Varidnaviria	2024-07-15
SRR14579862	SRS9011827	SRP320372	Otomops harrisoni	2218597	SRR14579862_cap3_Contig-20	555	4.28e-05	35.556000	45	acc:YP_010087922|RNA-dependent DNA polymerase [Lymphocystis disease virus 4]	taxid:2704413|Lymphocystivirus|Alphairidovirinae|Iridoviridae|Pimascovirales|Megaviricetes|Nucleocytoviricota|Bamfordvirae|Varidnaviria	2024-07-15
SRR14579862	SRS9011827	SRP320372	Otomops harrisoni	2218597	SRR14579862_cap3_Contig-21	548	2.17e-08	30.657000	137	acc:YP_009342179|RNA-dependent DNA polymerase [Lymphocystis disease virus Sa]	taxid:1898060|Lymphocystivirus|Alphairidovirinae|Iridoviridae|Pimascovirales|Megaviricetes|Nucleocytoviricota|Bamfordvirae|Varidnaviria	2024-07-15
SRR14579862	SRS9011827	SRP320372	Otomops harrisoni	2218597	SRR14579862_cap3_Contig-23	532	0.96	34.146000	41	acc:YP_009002809|tail length tape measure protein [Staphylococcus phage StauST398-4]	taxid:1308896|Biseptimavirus StauST3984|Biseptimavirus|Bronfenbrennervirinae|Caudoviricetes|Uroviricota|Heunggongvirae|Duplodnaviria	2024-07-15
SRR14579862	SRS9011827	SRP320372	Otomops harrisoni	2218597	SRR14579862_cap3_Contig-24	525	4.29e-04	29.412000	51	acc:YP_009342179|RNA-dependent DNA polymerase [Lymphocystis disease virus Sa]	taxid:1898060|Lymphocystivirus|Alphairidovirinae|Iridoviridae|Pimascovirales|Megaviricetes|Nucleocytoviricota|Bamfordvirae|Varidnaviria	2024-07-15
SRR14579862	SRS9011827	SRP320372	Otomops harrisoni	2218597	SRR14579862_cap3_Contig-25	518	0.11	40.909000	44	acc:YP_073559|hypothetical protein LDVICp052 [lymphocystis disease virus-China]	taxid:256729|Lymphocystis disease virus 2|Lymphocystivirus|Alphairidovirinae|Iridoviridae|Pimascovirales|Megaviricetes|Nucleocytoviricota|Bamfordvirae|Varidnaviria	2024-07-15
SRR14579862	SRS9011827	SRP320372	Otomops harrisoni	2218597	SRR14579862_cap3_Contig-26	514	1.6	36.364000	55	acc:YP_073558|RNA-dependent DNA polymerase [lymphocystis disease virus-China]	taxid:256729|Lymphocystis disease virus 2|Lymphocystivirus|Alphairidovirinae|Iridoviridae|Pimascovirales|Megaviricetes|Nucleocytoviricota|Bamfordvirae|Varidnaviria	2024-07-15
SRR14579862	SRS9011827	SRP320372	Otomops harrisoni	2218597	SRR14579862_cap3_Contig-27	468	4.9	44.118000	34	acc:YP_073558|RNA-dependent DNA polymerase [lymphocystis disease virus-China]	taxid:256729|Lymphocystis disease virus 2|Lymphocystivirus|Alphairidovirinae|Iridoviridae|Pimascovirales|Megaviricetes|Nucleocytoviricota|Bamfordvirae|Varidnaviria	2024-07-15
SRR14579862	SRS9011827	SRP320372	Otomops harrisoni	2218597	SRR14579862_cap3_Contig-28	461	4.68e-27	40.580000	138	acc:YP_010087922|RNA-dependent DNA polymerase [Lymphocystis disease virus 4]	taxid:2704413|Lymphocystivirus|Alphairidovirinae|Iridoviridae|Pimascovirales|Megaviricetes|Nucleocytoviricota|Bamfordvirae|Varidnaviria	2024-07-15
SRR14579862	SRS9011827	SRP320372	Otomops harrisoni	2218597	SRR14579862_cap3_Contig-29	453	8.51e-14	33.898000	118	acc:YP_010087922|RNA-dependent DNA polymerase [Lymphocystis disease virus 4]	taxid:2704413|Lymphocystivirus|Alphairidovirinae|Iridoviridae|Pimascovirales|Megaviricetes|Nucleocytoviricota|Bamfordvirae|Varidnaviria	2024-07-15
SRR14579862	SRS9011827	SRP320372	Otomops harrisoni	2218597	SRR14579862_cap3_Contig-30	451	8.35e-07	47.727000	44	acc:YP_010087922|RNA-dependent DNA polymerase [Lymphocystis disease virus 4]	taxid:2704413|Lymphocystivirus|Alphairidovirinae|Iridoviridae|Pimascovirales|Megaviricetes|Nucleocytoviricota|Bamfordvirae|Varidnaviria	2024-07-15
SRR14579862	SRS9011827	SRP320372	Otomops harrisoni	2218597	SRR14579862_cap3_Contig-31	440	0.64	33.333000	48	acc:YP_009342179|RNA-dependent DNA polymerase [Lymphocystis disease virus Sa]	taxid:1898060|Lymphocystivirus|Alphairidovirinae|Iridoviridae|Pimascovirales|Megaviricetes|Nucleocytoviricota|Bamfordvirae|Varidnaviria	2024-07-15
SRR14579862	SRS9011827	SRP320372	Otomops harrisoni	2218597	SRR14579862_cap3_Contig-32	437	5.2	24.742000	97	acc:YP_010840143|RNA-dependent RNA polymerase [Grapevine associated cogu-like virus 4]	taxid:2755145|Laulavirus gammaviticulum|Laulavirus|Phenuiviridae|Bunyavirales|Ellioviricetes|Polyploviricotina|Negarnaviricota|Orthornavirae|Riboviria	2024-07-15
SRR14579862	SRS9011827	SRP320372	Otomops harrisoni	2218597	SRR14579862_cap3_Contig-33	436	8.73e-08	29.897000	97	acc:YP_010087922|RNA-dependent DNA polymerase [Lymphocystis disease virus 4]	taxid:2704413|Lymphocystivirus|Alphairidovirinae|Iridoviridae|Pimascovirales|Megaviricetes|Nucleocytoviricota|Bamfordvirae|Varidnaviria	2024-07-15
SRR14579862	SRS9011827	SRP320372	Otomops harrisoni	2218597	SRR14579862_cap3_Contig-34	433	1.90e-21	31.469000	143	acc:YP_010087922|RNA-dependent DNA polymerase [Lymphocystis disease virus 4]	taxid:2704413|Lymphocystivirus|Alphairidovirinae|Iridoviridae|Pimascovirales|Megaviricetes|Nucleocytoviricota|Bamfordvirae|Varidnaviria	2024-07-15
SRR14579862	SRS9011827	SRP320372	Otomops harrisoni	2218597	SRR14579862_cap3_Contig-35	429	0.007	32.877000	73	acc:YP_009342179|RNA-dependent DNA polymerase [Lymphocystis disease virus Sa]	taxid:1898060|Lymphocystivirus|Alphairidovirinae|Iridoviridae|Pimascovirales|Megaviricetes|Nucleocytoviricota|Bamfordvirae|Varidnaviria	2024-07-15
SRR14579862	SRS9011827	SRP320372	Otomops harrisoni	2218597	SRR14579862_cap3_Contig-36	426	0.002	32.500000	40	acc:YP_010087922|RNA-dependent DNA polymerase [Lymphocystis disease virus 4]	taxid:2704413|Lymphocystivirus|Alphairidovirinae|Iridoviridae|Pimascovirales|Megaviricetes|Nucleocytoviricota|Bamfordvirae|Varidnaviria	2024-07-15
SRR14579862	SRS9011827	SRP320372	Otomops harrisoni	2218597	SRR14579862_cap3_Contig-37	423	1.59e-21	38.583000	127	acc:YP_010087922|RNA-dependent DNA polymerase [Lymphocystis disease virus 4]	taxid:2704413|Lymphocystivirus|Alphairidovirinae|Iridoviridae|Pimascovirales|Megaviricetes|Nucleocytoviricota|Bamfordvirae|Varidnaviria	2024-07-15
SRR14579862	SRS9011827	SRP320372	Otomops harrisoni	2218597	SRR14579862_cap3_Contig-38	420	4.02e-10	31.633000	98	acc:YP_010087922|RNA-dependent DNA polymerase [Lymphocystis disease virus 4]	taxid:2704413|Lymphocystivirus|Alphairidovirinae|Iridoviridae|Pimascovirales|Megaviricetes|Nucleocytoviricota|Bamfordvirae|Varidnaviria	2024-07-15
SRR14579862	SRS9011827	SRP320372	Otomops harrisoni	2218597	SRR14579862_cap3_Contig-39	418	4.5	33.333000	33	acc:YP_010755815|hypothetical protein QEH49_gp074 [Gordonia phage VanLee]	taxid:2845816|Caudoviricetes|Uroviricota|Heunggongvirae|Duplodnaviria	2024-07-15
SRR14579862	SRS9011827	SRP320372	Otomops harrisoni	2218597	SRR14579862_cap3_Contig-40	418	0.002	27.778000	90	acc:YP_009342179|RNA-dependent DNA polymerase [Lymphocystis disease virus Sa]	taxid:1898060|Lymphocystivirus|Alphairidovirinae|Iridoviridae|Pimascovirales|Megaviricetes|Nucleocytoviricota|Bamfordvirae|Varidnaviria	2024-07-15
SRR14579862	SRS9011827	SRP320372	Otomops harrisoni	2218597	SRR14579862_cap3_Contig-41	412	2.09e-11	34.940000	83	acc:YP_010087922|RNA-dependent DNA polymerase [Lymphocystis disease virus 4]	taxid:2704413|Lymphocystivirus|Alphairidovirinae|Iridoviridae|Pimascovirales|Megaviricetes|Nucleocytoviricota|Bamfordvirae|Varidnaviria	2024-07-15
SRR14579862	SRS9011827	SRP320372	Otomops harrisoni	2218597	SRR14579862_cap3_Contig-42	411	5.18e-12	42.466000	73	acc:YP_010087922|RNA-dependent DNA polymerase [Lymphocystis disease virus 4]	taxid:2704413|Lymphocystivirus|Alphairidovirinae|Iridoviridae|Pimascovirales|Megaviricetes|Nucleocytoviricota|Bamfordvirae|Varidnaviria	2024-07-15
SRR14579862	SRS9011827	SRP320372	Otomops harrisoni	2218597	SRR14579862_cap3_Contig-43	409	0.75	42.424000	33	acc:YP_009551582|hypothetical protein [Daphnis nerii cypovirus]	taxid:1986950|Cypovirus|Spinareoviridae|Reovirales|Resentoviricetes|Duplornaviricota|Orthornavirae|Riboviria	2024-07-15
SRR14579862	SRS9011827	SRP320372	Otomops harrisoni	2218597	SRR14579862_cap3_Contig-44	409	2.8	40.541000	37	acc:YP_010802856|polyprotein [Amomum potyvirus A]	taxid:2835563|Potyvirus|Potyviridae|Patatavirales|Stelpaviricetes|Pisuviricota|Orthornavirae|Riboviria	2024-07-15
SRR14579862	SRS9011827	SRP320372	Otomops harrisoni	2218597	SRR14579862_cap3_Contig-45	404	1.4	46.667000	30	acc:YP_073559|hypothetical protein LDVICp052 [lymphocystis disease virus-China]	taxid:256729|Lymphocystis disease virus 2|Lymphocystivirus|Alphairidovirinae|Iridoviridae|Pimascovirales|Megaviricetes|Nucleocytoviricota|Bamfordvirae|Varidnaviria	2024-07-15
SRR14579862	SRS9011827	SRP320372	Otomops harrisoni	2218597	SRR14579862_cap3_Contig-46	403	2.04e-15	35.345000	116	acc:YP_010087922|RNA-dependent DNA polymerase [Lymphocystis disease virus 4]	taxid:2704413|Lymphocystivirus|Alphairidovirinae|Iridoviridae|Pimascovirales|Megaviricetes|Nucleocytoviricota|Bamfordvirae|Varidnaviria	2024-07-15
SRR14579862	SRS9011827	SRP320372	Otomops harrisoni	2218597	SRR14579862_cap3_Contig-47	397	1.01e-11	55.769000	52	acc:YP_010087922|RNA-dependent DNA polymerase [Lymphocystis disease virus 4]	taxid:2704413|Lymphocystivirus|Alphairidovirinae|Iridoviridae|Pimascovirales|Megaviricetes|Nucleocytoviricota|Bamfordvirae|Varidnaviria	2024-07-15
SRR14579862	SRS9011827	SRP320372	Otomops harrisoni	2218597	SRR14579862_cap3_Contig-48	391	8.11e-05	36.585000	41	acc:YP_009342179|RNA-dependent DNA polymerase [Lymphocystis disease virus Sa]	taxid:1898060|Lymphocystivirus|Alphairidovirinae|Iridoviridae|Pimascovirales|Megaviricetes|Nucleocytoviricota|Bamfordvirae|Varidnaviria	2024-07-15
SRR14579862	SRS9011827	SRP320372	Otomops harrisoni	2218597	SRR14579862_cap3_Contig-49	391	1.01e-12	34.615000	104	acc:YP_010087922|RNA-dependent DNA polymerase [Lymphocystis disease virus 4]	taxid:2704413|Lymphocystivirus|Alphairidovirinae|Iridoviridae|Pimascovirales|Megaviricetes|Nucleocytoviricota|Bamfordvirae|Varidnaviria	2024-07-15
SRR14579862	SRS9011827	SRP320372	Otomops harrisoni	2218597	SRR14579862_cap3_Contig-50	381	1.53e-04	33.750000	80	acc:YP_009342179|RNA-dependent DNA polymerase [Lymphocystis disease virus Sa]	taxid:1898060|Lymphocystivirus|Alphairidovirinae|Iridoviridae|Pimascovirales|Megaviricetes|Nucleocytoviricota|Bamfordvirae|Varidnaviria	2024-07-15
SRR14579862	SRS9011827	SRP320372	Otomops harrisoni	2218597	SRR14579862_cap3_Contig-51	380	0.81	30.159000	63	acc:YP_009279863|hypothetical protein BI036_gp006 [Morganella phage vB_MmoM_MP1]	taxid:1852628|Gualtarvirus mp1|Gualtarvirus|Straboviridae|Caudoviricetes|Uroviricota|Heunggongvirae|Duplodnaviria	2024-07-15
SRR14579862	SRS9011827	SRP320372	Otomops harrisoni	2218597	SRR14579862_cap3_Contig-52	377	3.84e-04	32.857000	70	acc:YP_009342179|RNA-dependent DNA polymerase [Lymphocystis disease virus Sa]	taxid:1898060|Lymphocystivirus|Alphairidovirinae|Iridoviridae|Pimascovirales|Megaviricetes|Nucleocytoviricota|Bamfordvirae|Varidnaviria	2024-07-15
SRR14579862	SRS9011827	SRP320372	Otomops harrisoni	2218597	SRR14579862_cap3_Contig-53	371	4.5	34.146000	41	acc:YP_004940018|unnamed protein product [Chocolate lily virus A]	taxid:1120751|Sadwavirus fritillariae|Cholivirus|Sadwavirus|Secoviridae|Picornavirales|Pisoniviricetes|Pisuviricota|Orthornavirae|Riboviria	2024-07-15
SRR14579862	SRS9011827	SRP320372	Otomops harrisoni	2218597	SRR14579862_cap3_Contig-54	354	2.5	51.852000	27	acc:YP_001274393|putative coat protein [Fragaria chiloensis cryptic virus]	taxid:335204|Partitiviridae|Durnavirales|Duplopiviricetes|Pisuviricota|Orthornavirae|Riboviria	2024-07-15
SRR14579862	SRS9011827	SRP320372	Otomops harrisoni	2218597	SRR14579862_cap3_Contig-57	345	0.13	35.849000	53	acc:YP_010779430|hypothetical protein QJ854_gp587 [Moumouvirus goulette]	taxid:1247379|Moumouvirus goulettemassiliense|Moumouvirus|Megamimivirinae|Mimiviridae|Imitervirales|Megaviricetes|Nucleocytoviricota|Bamfordvirae|Varidnaviria	2024-07-15
SRR14579862	SRS9011827	SRP320372	Otomops harrisoni	2218597	SRR14579862_cap3_Contig-59	336	4.22e-05	32.812000	64	acc:YP_010087922|RNA-dependent DNA polymerase [Lymphocystis disease virus 4]	taxid:2704413|Lymphocystivirus|Alphairidovirinae|Iridoviridae|Pimascovirales|Megaviricetes|Nucleocytoviricota|Bamfordvirae|Varidnaviria	2024-07-15
SRR14579862	SRS9011827	SRP320372	Otomops harrisoni	2218597	SRR14579862_cap3_Contig-60	332	0.002	30.588000	85	acc:YP_073558|RNA-dependent DNA polymerase [lymphocystis disease virus-China]	taxid:256729|Lymphocystis disease virus 2|Lymphocystivirus|Alphairidovirinae|Iridoviridae|Pimascovirales|Megaviricetes|Nucleocytoviricota|Bamfordvirae|Varidnaviria	2024-07-15
SRR14579862	SRS9011827	SRP320372	Otomops harrisoni	2218597	SRR14579862_cap3_Contig-61	332	2.50e-05	31.522000	92	acc:YP_010087922|RNA-dependent DNA polymerase [Lymphocystis disease virus 4]	taxid:2704413|Lymphocystivirus|Alphairidovirinae|Iridoviridae|Pimascovirales|Megaviricetes|Nucleocytoviricota|Bamfordvirae|Varidnaviria	2024-07-15
SRR14579862	SRS9011827	SRP320372	Otomops harrisoni	2218597	SRR14579862_cap3_Contig-62	330	9.62e-05	27.273000	88	acc:YP_010087922|RNA-dependent DNA polymerase [Lymphocystis disease virus 4]	taxid:2704413|Lymphocystivirus|Alphairidovirinae|Iridoviridae|Pimascovirales|Megaviricetes|Nucleocytoviricota|Bamfordvirae|Varidnaviria	2024-07-15
SRR14579862	SRS9011827	SRP320372	Otomops harrisoni	2218597	SRR14579862_cap3_Contig-63	329	8.31e-08	41.558000	77	acc:YP_010087922|RNA-dependent DNA polymerase [Lymphocystis disease virus 4]	taxid:2704413|Lymphocystivirus|Alphairidovirinae|Iridoviridae|Pimascovirales|Megaviricetes|Nucleocytoviricota|Bamfordvirae|Varidnaviria	2024-07-15
SRR14579862	SRS9011827	SRP320372	Otomops harrisoni	2218597	SRR14579862_cap3_Contig-64	327	2.61e-06	43.103000	58	acc:YP_010087922|RNA-dependent DNA polymerase [Lymphocystis disease virus 4]	taxid:2704413|Lymphocystivirus|Alphairidovirinae|Iridoviridae|Pimascovirales|Megaviricetes|Nucleocytoviricota|Bamfordvirae|Varidnaviria	2024-07-15
SRR14579862	SRS9011827	SRP320372	Otomops harrisoni	2218597	SRR14579862_cap3_Contig-65	323	2.25e-07	28.713000	101	acc:YP_010087922|RNA-dependent DNA polymerase [Lymphocystis disease virus 4]	taxid:2704413|Lymphocystivirus|Alphairidovirinae|Iridoviridae|Pimascovirales|Megaviricetes|Nucleocytoviricota|Bamfordvirae|Varidnaviria	2024-07-15
SRR14579862	SRS9011827	SRP320372	Otomops harrisoni	2218597	SRR14579862_cap3_Contig-66	322	4.37e-05	27.473000	91	acc:YP_009342179|RNA-dependent DNA polymerase [Lymphocystis disease virus Sa]	taxid:1898060|Lymphocystivirus|Alphairidovirinae|Iridoviridae|Pimascovirales|Megaviricetes|Nucleocytoviricota|Bamfordvirae|Varidnaviria	2024-07-15
SRR14579862	SRS9011827	SRP320372	Otomops harrisoni	2218597	SRR14579862_cap3_Contig-67	316	1.2	50.000000	34	acc:YP_010303260|tail protein [Erwinia phage pEa_SNUABM_7]	taxid:2866695|Snuvirus SNUABM7|Snuvirus|Caudoviricetes|Uroviricota|Heunggongvirae|Duplodnaviria	2024-07-15
SRR14579862	SRS9011827	SRP320372	Otomops harrisoni	2218597	SRR14579862_cap3_Contig-68	313	0.012	31.250000	48	acc:YP_010087922|RNA-dependent DNA polymerase [Lymphocystis disease virus 4]	taxid:2704413|Lymphocystivirus|Alphairidovirinae|Iridoviridae|Pimascovirales|Megaviricetes|Nucleocytoviricota|Bamfordvirae|Varidnaviria	2024-07-15
SRR14579862	SRS9011827	SRP320372	Otomops harrisoni	2218597	SRR14579862_cap3_Contig-69	280	1.8	35.897000	39	acc:YP_010799489|lef-4 [Hyphantria cunea granulovirus]	taxid:307448|Betabaculovirus hycuneae|Betabaculovirus|Baculoviridae|Lefavirales|Naldaviricetes	2024-07-15
SRR14579862	SRS9011827	SRP320372	Otomops harrisoni	2218597	SRR14579862_cap3_Contig-70	265	2.0	50.000000	26	acc:YP_009799527|virion structural protein [Staphylococcus phage phiSA_BS1]	taxid:2126734|Baoshanvirus BS1|Baoshanvirus|Twortvirinae|Herelleviridae|Caudoviricetes|Uroviricota|Heunggongvirae|Duplodnaviria	2024-07-15
SRR14579862	SRS9011827	SRP320372	Otomops harrisoni	2218597	SRR14579862_cap3_Contig-71	252	3.3	45.161000	31	acc:YP_009197067|ribose-phosphate pyrophosphokinase [Mycobacterium phage Snenia]	taxid:1698714|Lumosvirus|Lclasvirinae|Vilmaviridae|Caudoviricetes|Uroviricota|Heunggongvirae|Duplodnaviria	2024-07-15
SRR14579862	SRS9011827	SRP320372	Otomops harrisoni	2218597	SRR14579862_cap3_Contig-72	247	5.8	35.294000	51	acc:YP_010658580|single subunit virion RNA polymerase [Stenotrophomonas phage C121]	taxid:2914029|Cavevirus C121|Cavevirus|Schitoviridae|Caudoviricetes|Uroviricota|Heunggongvirae|Duplodnaviria	2024-07-15
SRR14579862	SRS9011827	SRP320372	Otomops harrisoni	2218597	SRR14579862_cap3_Contig-73	152	0.20	50.000000	28	acc:YP_009330065|RNA-dependent RNA polymerase [Hubei narna-like virus 18]	taxid:1922948|Riboviria	2024-07-15
SRR16694280	SRS10837704	SRP344216	Rattus norvegicus	10116	SRR16694280_cap3_Contig-1	390	6.39e-06	29.412000	102	acc:YP_010087922|RNA-dependent DNA polymerase [Lymphocystis disease virus 4]	taxid:2704413|Lymphocystivirus|Alphairidovirinae|Iridoviridae|Pimascovirales|Megaviricetes|Nucleocytoviricota|Bamfordvirae|Varidnaviria	2024-07-15
SRR16694280	SRS10837704	SRP344216	Rattus norvegicus	10116	SRR16694280_cap3_Contig-2	383	0.13	31.707000	41	acc:YP_009342179|RNA-dependent DNA polymerase [Lymphocystis disease virus Sa]	taxid:1898060|Lymphocystivirus|Alphairidovirinae|Iridoviridae|Pimascovirales|Megaviricetes|Nucleocytoviricota|Bamfordvirae|Varidnaviria	2024-07-15
SRR16694280	SRS10837704	SRP344216	Rattus norvegicus	10116	SRR16694280_cap3_Contig-3	351	1.99e-09	29.630000	108	acc:YP_010087922|RNA-dependent DNA polymerase [Lymphocystis disease virus 4]	taxid:2704413|Lymphocystivirus|Alphairidovirinae|Iridoviridae|Pimascovirales|Megaviricetes|Nucleocytoviricota|Bamfordvirae|Varidnaviria	2024-07-15
SRR16694280	SRS10837704	SRP344216	Rattus norvegicus	10116	SRR16694280_cap3_Contig-4	235	0.060	48.387000	31	acc:YP_009342179|RNA-dependent DNA polymerase [Lymphocystis disease virus Sa]	taxid:1898060|Lymphocystivirus|Alphairidovirinae|Iridoviridae|Pimascovirales|Megaviricetes|Nucleocytoviricota|Bamfordvirae|Varidnaviria	2024-07-15
SRR16694280	SRS10837704	SRP344216	Rattus norvegicus	10116	SRR16694280_cap3_Contig-5	212	0.072	36.667000	60	acc:YP_073558|RNA-dependent DNA polymerase [lymphocystis disease virus-China]	taxid:256729|Lymphocystis disease virus 2|Lymphocystivirus|Alphairidovirinae|Iridoviridae|Pimascovirales|Megaviricetes|Nucleocytoviricota|Bamfordvirae|Varidnaviria	2024-07-15
SRR16694280	SRS10837704	SRP344216	Rattus norvegicus	10116	SRR16694280_cap3_Contig-7	185	4.6	52.174000	23	acc:YP_009551818|glycoprotein B [Rhinolophus gammaherpesvirus 1]	taxid:2054179|Percavirus rhinolophidgamma1|Percavirus|Gammaherpesvirinae|Orthoherpesviridae|Herpesvirales|Herviviricetes|Peploviricota|Heunggongvirae|Duplodnaviria	2024-07-15
SRR16842795	SRS10973404	SRP344934	Bos taurus	9913	SRR16842795_cap3_Contig-1	4097	2.02e-32	29.651000	516	acc:YP_010769336|RNA-directed RNA polymerase [ssRNA phage AVE019]	taxid:2785991|Febihevirus ruminicola|Febihevirus|Fiersviridae|Norzivirales|Leviviricetes|Lenarviricota|Orthornavirae|Riboviria	2024-07-11
SRR16842795	SRS10973404	SRP344934	Bos taurus	9913	SRR16842795_cap3_Contig-2	3957	2.24e-55	30.676000	577	acc:YP_010770235|RNA-directed RNA polymerase [ssRNA phage SRR7976324_1]	taxid:2786694|Shihwivirus caenenecus|Shihwivirus|Blumeviridae|Timlovirales|Leviviricetes|Lenarviricota|Orthornavirae|Riboviria	2024-07-11
SRR16842795	SRS10973404	SRP344934	Bos taurus	9913	SRR16842795_cap3_Contig-3	3776	8.86e-35	36.364000	308	acc:YP_010769492|RNA-directed RNA polymerase [ssRNA phage SRR6960509_8]	taxid:2786535|Mahqeavirus limicola|Mahqeavirus|Fiersviridae|Norzivirales|Leviviricetes|Lenarviricota|Orthornavirae|Riboviria	2024-07-11
SRR16842795	SRS10973404	SRP344934	Bos taurus	9913	SRR16842795_cap3_Contig-4	2641	1.96e-61	34.109000	516	acc:YP_009333146|RNA-dependent RNA polymerase [Beihai narna-like virus 26]	taxid:1922454|Riboviria	2024-07-11
SRR16842795	SRS10973404	SRP344934	Bos taurus	9913	SRR16842795_cap3_Contig-5	2459	3.23e-33	29.545000	528	acc:YP_009333146|RNA-dependent RNA polymerase [Beihai narna-like virus 26]	taxid:1922454|Riboviria	2024-07-11
SRR16842795	SRS10973404	SRP344934	Bos taurus	9913	SRR16842795_cap3_Contig-6	2354	1.01e-16	29.730000	222	acc:YP_009259483|RNA-dependent RNA polymerase [Cronartium ribicola mitovirus 4]	taxid:1816487|Unuamitovirus crri4|Unuamitovirus|Mitoviridae|Cryppavirales|Howeltoviricetes|Lenarviricota|Orthornavirae|Riboviria	2024-07-11
SRR16842795	SRS10973404	SRP344934	Bos taurus	9913	SRR16842795_cap3_Contig-7	2340	2.67e-21	32.143000	196	acc:YP_010799218|RNA-dependent RNA polymerase [Ceratobasidium mitovirus A]	taxid:1964428|Triamitovirus cespA|Triamitovirus|Mitoviridae|Cryppavirales|Howeltoviricetes|Lenarviricota|Orthornavirae|Riboviria	2024-07-11
SRR16842795	SRS10973404	SRP344934	Bos taurus	9913	SRR16842795_cap3_Contig-8	2236	2.71e-51	30.754000	504	acc:YP_009333146|RNA-dependent RNA polymerase [Beihai narna-like virus 26]	taxid:1922454|Riboviria	2024-07-11
SRR16842795	SRS10973404	SRP344934	Bos taurus	9913	SRR16842795_cap3_Contig-9	2207	4.13e-48	29.622000	503	acc:YP_009333146|RNA-dependent RNA polymerase [Beihai narna-like virus 26]	taxid:1922454|Riboviria	2024-07-11
SRR16842795	SRS10973404	SRP344934	Bos taurus	9913	SRR16842795_cap3_Contig-10	2142	4.92e-13	28.882000	322	acc:YP_002364401|putative RNA-dependent RNA polymerase [Raphanus sativus cryptic virus 3]	taxid:580254|Partitiviridae|Durnavirales|Duplopiviricetes|Pisuviricota|Orthornavirae|Riboviria	2024-07-11
SRR16842795	SRS10973404	SRP344934	Bos taurus	9913	SRR16842795_cap3_Contig-11	1941	2.37e-24	34.109000	258	acc:YP_009342308|RdRp [Wuhan Millipede virus 4]	taxid:1923689|Riboviria	2024-07-11
SRR16842795	SRS10973404	SRP344934	Bos taurus	9913	SRR16842795_cap3_Contig-12	1897	4.83e-13	30.256000	195	acc:YP_009466859|putative RNA-dependent RNA polymerase [Pepper cryptic virus 1]	taxid:369643|Deltapartitivirus|Partitiviridae|Durnavirales|Duplopiviricetes|Pisuviricota|Orthornavirae|Riboviria	2024-07-11
SRR16842795	SRS10973404	SRP344934	Bos taurus	9913	SRR16842795_cap3_Contig-13	1826	2.28e-20	31.481000	216	acc:YP_010799218|RNA-dependent RNA polymerase [Ceratobasidium mitovirus A]	taxid:1964428|Triamitovirus cespA|Triamitovirus|Mitoviridae|Cryppavirales|Howeltoviricetes|Lenarviricota|Orthornavirae|Riboviria	2024-07-11
SRR16842795	SRS10973404	SRP344934	Bos taurus	9913	SRR16842795_cap3_Contig-14	1760	7.01e-18	31.356000	236	acc:YP_009466859|putative RNA-dependent RNA polymerase [Pepper cryptic virus 1]	taxid:369643|Deltapartitivirus|Partitiviridae|Durnavirales|Duplopiviricetes|Pisuviricota|Orthornavirae|Riboviria	2024-07-11
SRR16842795	SRS10973404	SRP344934	Bos taurus	9913	SRR16842795_cap3_Contig-15	1720	6.86e-18	30.081000	246	acc:YP_009342458|RdRp [Wuhan fly virus 5]	taxid:1923699|Riboviria	2024-07-11
SRR16842795	SRS10973404	SRP344934	Bos taurus	9913	SRR16842795_cap3_Contig-16	1696	1.37e-17	30.962000	239	acc:YP_010799254|RNA dependent RNA polymerase [Fusarium boothii mitovirus 1]	taxid:2364128|Duamitovirus fubo1|Duamitovirus|Mitoviridae|Cryppavirales|Howeltoviricetes|Lenarviricota|Orthornavirae|Riboviria	2024-07-11
SRR16842795	SRS10973404	SRP344934	Bos taurus	9913	SRR16842795_cap3_Contig-17	1651	6.23e-09	23.797000	374	acc:YP_009337419|polyprotein [Beihai zhaovirus-like virus 1]	taxid:1922757|Riboviria	2024-07-11
SRR16842795	SRS10973404	SRP344934	Bos taurus	9913	SRR16842795_cap3_Contig-18	1642	8.95e-34	35.714000	308	acc:YP_009665972|putative RNA dependent RNA polymerase [Aspergillus ochraceous virus]	taxid:358008|Gammapartitivirus|Partitiviridae|Durnavirales|Duplopiviricetes|Pisuviricota|Orthornavirae|Riboviria	2024-07-11
SRR16842795	SRS10973404	SRP344934	Bos taurus	9913	SRR16842795_cap3_Contig-19	1642	0.0	69.646000	537	acc:YP_009351841|putative RNA-dependent RNA polymerase [Otarine picobirnavirus]	taxid:1187973|Picobirnavirus|Picobirnaviridae|Durnavirales|Duplopiviricetes|Pisuviricota|Orthornavirae|Riboviria	2024-07-11
SRR16842795	SRS10973404	SRP344934	Bos taurus	9913	SRR16842795_cap3_Contig-20	1551	2.36e-60	31.818000	484	acc:YP_009329842|RNA-dependent RNA polymerase [Hubei narna-like virus 24]	taxid:1922955|Riboviria	2024-07-11
SRR16842795	SRS10973404	SRP344934	Bos taurus	9913	SRR16842795_cap3_Contig-21	1484	0.0	100.000000	464	acc:YP_009551597|RNA-dependent RNA polymerase [Medicago sativa alphapartitivirus 1]	taxid:2043550|Alphapartitivirus|Partitiviridae|Durnavirales|Duplopiviricetes|Pisuviricota|Orthornavirae|Riboviria	2024-07-11
SRR16842795	SRS10973404	SRP344934	Bos taurus	9913	SRR16842795_cap3_Contig-22	1444	1.55e-106	40.708000	452	acc:YP_009333350|RdRp [Beihai partiti-like virus 2]	taxid:1922504|Riboviria	2024-07-11
SRR16842795	SRS10973404	SRP344934	Bos taurus	9913	SRR16842795_cap3_Contig-23	1371	1.17e-29	36.015000	261	acc:YP_052856|RNA-dependent RNA polymerase [Penicillium stoloniferum virus S]	taxid:216371|Gammapartitivirus|Partitiviridae|Durnavirales|Duplopiviricetes|Pisuviricota|Orthornavirae|Riboviria	2024-07-11
SRR16842795	SRS10973404	SRP344934	Bos taurus	9913	SRR16842795_cap3_Contig-24	1125	3.66e-147	57.219000	374	acc:YP_009551574|RNA-dependent RNA polymerase [Chicken picobirnavirus]	taxid:1930304|Picobirnavirus|Picobirnaviridae|Durnavirales|Duplopiviricetes|Pisuviricota|Orthornavirae|Riboviria	2024-07-11
SRR16842795	SRS10973404	SRP344934	Bos taurus	9913	SRR16842795_cap3_Contig-25	1104	1.96e-124	50.543000	368	acc:YP_009336749|RNA-dependent RNA polymerase [Hubei narna-like virus 22]	taxid:1922953|Riboviria	2024-07-11
SRR16842795	SRS10973404	SRP344934	Bos taurus	9913	SRR16842795_cap3_Contig-26	1081	7.37e-31	38.049000	205	acc:YP_009333146|RNA-dependent RNA polymerase [Beihai narna-like virus 26]	taxid:1922454|Riboviria	2024-07-11
SRR16842795	SRS10973404	SRP344934	Bos taurus	9913	SRR16842795_cap3_Contig-27	797	2.84e-08	29.213000	178	acc:YP_009329869|RdRp [Beihai barnacle virus 13]	taxid:1922357|Riboviria	2024-07-11
SRR16842795	SRS10973404	SRP344934	Bos taurus	9913	SRR16842795_cap3_Contig-28	773	3.10e-41	40.167000	239	acc:YP_010770210|RNA-directed RNA polymerase [ssRNA phage Gerhypos.4_51]	taxid:2786355|Pacehavirus humicola|Pacehavirus|Blumeviridae|Timlovirales|Leviviricetes|Lenarviricota|Orthornavirae|Riboviria	2024-07-11
SRR16842795	SRS10973404	SRP344934	Bos taurus	9913	SRR16842795_cap3_Contig-29	746	1.81e-47	42.791000	215	acc:YP_010839761|RNA dependent RNA polymerase [Picobirnavirus Equ3]	taxid:1673646|Picobirnavirus|Picobirnaviridae|Durnavirales|Duplopiviricetes|Pisuviricota|Orthornavirae|Riboviria	2024-07-11
SRR16842795	SRS10973404	SRP344934	Bos taurus	9913	SRR16842795_cap3_Contig-30	720	2.69e-53	44.856000	243	acc:YP_010839761|RNA dependent RNA polymerase [Picobirnavirus Equ3]	taxid:1673646|Picobirnavirus|Picobirnaviridae|Durnavirales|Duplopiviricetes|Pisuviricota|Orthornavirae|Riboviria	2024-07-11
SRR16842795	SRS10973404	SRP344934	Bos taurus	9913	SRR16842795_cap3_Contig-31	650	2.59e-11	35.088000	114	acc:YP_009345133|RdRp [Wuhan cricket virus 2]	taxid:1923697|Riboviria	2024-07-11
SRR16842795	SRS10973404	SRP344934	Bos taurus	9913	SRR16842795_cap3_Contig-32	641	5.10e-29	32.422000	256	acc:YP_009329842|RNA-dependent RNA polymerase [Hubei narna-like virus 24]	taxid:1922955|Riboviria	2024-07-11
SRR16842795	SRS10973404	SRP344934	Bos taurus	9913	SRR16842795_cap3_Contig-33	620	8.79e-141	99.515000	206	acc:YP_009158846|replicase [Pea streak virus]	taxid:157777|Carlavirus|Quinvirinae|Betaflexiviridae|Tymovirales|Alsuviricetes|Kitrinoviricota|Orthornavirae|Riboviria	2024-07-11
SRR16842795	SRS10973404	SRP344934	Bos taurus	9913	SRR16842795_cap3_Contig-34	616	4.13e-45	40.976000	205	acc:YP_009333146|RNA-dependent RNA polymerase [Beihai narna-like virus 26]	taxid:1922454|Riboviria	2024-07-11
SRR16842795	SRS10973404	SRP344934	Bos taurus	9913	SRR16842795_cap3_Contig-35	487	8.99e-19	32.298000	161	acc:YP_010799131|RNA-dependent RNA polymerase [Rhizoctonia mitovirus 1 RS002]	taxid:1461368|Triamitovirus rhso1|Triamitovirus|Mitoviridae|Cryppavirales|Howeltoviricetes|Lenarviricota|Orthornavirae|Riboviria	2024-07-11
SRR16842795	SRS10973404	SRP344934	Bos taurus	9913	SRR16842795_cap3_Contig-36	474	5.75e-28	37.931000	174	acc:NP_659027|putative replicase [Gremmeniella abietina RNA virus MS1]	taxid:191436|Gammapartitivirus|Partitiviridae|Durnavirales|Duplopiviricetes|Pisuviricota|Orthornavirae|Riboviria	2024-07-11
SRR16842795	SRS10973404	SRP344934	Bos taurus	9913	SRR16842795_cap3_Contig-37	469	7.05e-102	95.484000	155	acc:YP_053235|89.7 kd protein [Alfalfa mosaic virus]	taxid:12321|Alfamovirus|Bromoviridae|Martellivirales|Alsuviricetes|Kitrinoviricota|Orthornavirae|Riboviria	2024-07-11
SRR16842795	SRS10973404	SRP344934	Bos taurus	9913	SRR16842795_cap3_Contig-38	453	4.94e-11	41.333000	75	acc:YP_009362302|fusion protein [Zostera marina amalgavirus 1]	taxid:1985202|Amalgavirus zosterae|Amalgavirus|Amalgaviridae|Durnavirales|Duplopiviricetes|Pisuviricota|Orthornavirae|Riboviria	2024-07-11
SRR16842795	SRS10973404	SRP344934	Bos taurus	9913	SRR16842795_cap3_Contig-39	382	7.28e-12	33.333000	114	acc:YP_009329882|RdRp [Wuhan insect virus 23]	taxid:1923727|Riboviria	2024-07-11
SRR16842795	SRS10973404	SRP344934	Bos taurus	9913	SRR16842795_cap3_Contig-40	355	5.29e-07	32.143000	84	acc:YP_009329882|RdRp [Wuhan insect virus 23]	taxid:1923727|Riboviria	2024-07-11
SRR16842795	SRS10973404	SRP344934	Bos taurus	9913	SRR16842795_cap3_Contig-41	344	1.74e-04	29.545000	88	acc:YP_010790416|putative CP/RdRp fusion protein [Zygosaccharomyces bailii virus Z]	taxid:114871|Zybavirus bailii|Zybavirus|Amalgaviridae|Durnavirales|Duplopiviricetes|Pisuviricota|Orthornavirae|Riboviria	2024-07-11
SRR16842795	SRS10973404	SRP344934	Bos taurus	9913	SRR16842795_cap3_Contig-42	338	1.38e-06	53.488000	43	acc:YP_271922|putative dsRNA-dependent RNA polymerase [Penicillium stoloniferum virus F]	taxid:296210|Gammapartitivirus|Partitiviridae|Durnavirales|Duplopiviricetes|Pisuviricota|Orthornavirae|Riboviria	2024-07-11
SRR16842795	SRS10973404	SRP344934	Bos taurus	9913	SRR16842795_cap3_Contig-43	334	8.23e-04	29.474000	95	acc:YP_009337297|hypothetical protein 2 [Changjiang tombus-like virus 3]	taxid:1922817|Riboviria	2024-07-11
SRR16842795	SRS10973404	SRP344934	Bos taurus	9913	SRR16842795_cap3_Contig-44	324	1.53e-16	42.500000	120	acc:YP_009259752|RNA-dependent RNA polymerase [Pseudogymnoascus destructans partitivirus-pa]	taxid:1685502|Partitiviridae|Durnavirales|Duplopiviricetes|Pisuviricota|Orthornavirae|Riboviria	2024-07-11
SRR16842795	SRS10973404	SRP344934	Bos taurus	9913	SRR16842795_cap3_Contig-45	322	1.56e-12	43.210000	81	acc:NP_624350|RNA-dependent RNA polymerase [Fusarium solani virus 1]	taxid:1511847|Gammapartitivirus|Partitiviridae|Durnavirales|Duplopiviricetes|Pisuviricota|Orthornavirae|Riboviria	2024-07-11
SRR16842795	SRS10973404	SRP344934	Bos taurus	9913	SRR16842795_cap3_Contig-46	312	0.31	32.143000	56	acc:YP_010839960|RNA-dependent RNA polymerase [European shore crab virus 1]	taxid:2847074|Lincruvirus europense|Lincruvirus|Cruliviridae|Bunyavirales|Ellioviricetes|Polyploviricotina|Negarnaviricota|Orthornavirae|Riboviria	2024-07-11
SRR16842795	SRS10973404	SRP344934	Bos taurus	9913	SRR16842795_cap3_Contig-47	284	2.44e-07	31.395000	86	acc:YP_009552275|RNA-dependent RNA polymerase [Pythium polare RNA virus 1]	taxid:2137353|Totiviridae|Ghabrivirales|Chrymotiviricetes|Duplornaviricota|Orthornavirae|Riboviria	2024-07-11
SRR16842795	SRS10973404	SRP344934	Bos taurus	9913	SRR16842795_cap3_Contig-48	280	3.68e-18	37.778000	90	acc:YP_009466859|putative RNA-dependent RNA polymerase [Pepper cryptic virus 1]	taxid:369643|Deltapartitivirus|Partitiviridae|Durnavirales|Duplopiviricetes|Pisuviricota|Orthornavirae|Riboviria	2024-07-11
SRR16842795	SRS10973404	SRP344934	Bos taurus	9913	SRR16842795_cap3_Contig-49	275	1.10e-08	40.541000	74	acc:YP_010798880|RNA-dependent RNA polymerase [Entomophthora muscae mitovirus 8]	taxid:2557981|Unuamitovirus enmu8|Unuamitovirus|Mitoviridae|Cryppavirales|Howeltoviricetes|Lenarviricota|Orthornavirae|Riboviria	2024-07-11
SRR16842795	SRS10973404	SRP344934	Bos taurus	9913	SRR16842795_cap3_Contig-50	260	0.79	36.735000	49	acc:YP_009336949|hypothetical protein 1 [Beihai sobemo-like virus 9]	taxid:1922706|Riboviria	2024-07-11
SRR16842795	SRS10973404	SRP344934	Bos taurus	9913	SRR16842795_cap3_Contig-51	254	2.12e-09	35.366000	82	acc:YP_010790416|putative CP/RdRp fusion protein [Zygosaccharomyces bailii virus Z]	taxid:114871|Zybavirus bailii|Zybavirus|Amalgaviridae|Durnavirales|Duplopiviricetes|Pisuviricota|Orthornavirae|Riboviria	2024-07-11
SRR16842795	SRS10973404	SRP344934	Bos taurus	9913	SRR16842795_cap3_Contig-52	253	1.3	38.235000	34	acc:YP_010772367|hypothetical protein QIT39_gp29 [Methanoculleus virus L4768]	taxid:2856180|Caudoviricetes|Uroviricota|Heunggongvirae|Duplodnaviria	2024-07-11
SRR16842795	SRS10973404	SRP344934	Bos taurus	9913	SRR16842795_cap3_Contig-53	253	7.46e-04	28.889000	90	acc:YP_009552275|RNA-dependent RNA polymerase [Pythium polare RNA virus 1]	taxid:2137353|Totiviridae|Ghabrivirales|Chrymotiviricetes|Duplornaviricota|Orthornavirae|Riboviria	2024-07-11
SRR16842795	SRS10973404	SRP344934	Bos taurus	9913	SRR16842795_cap3_Contig-54	251	1.89e-27	60.759000	79	acc:YP_009553311|RNA-dependent RNA polymerase [Aspergillus fumigatus partitivirus 2]	taxid:2250452|Partitiviridae|Durnavirales|Duplopiviricetes|Pisuviricota|Orthornavirae|Riboviria	2024-07-11
SRR16842795	SRS10973404	SRP344934	Bos taurus	9913	SRR16842795_cap3_Contig-55	247	3.45e-09	37.037000	81	acc:NP_054007|RNA-dependent RNA polymerase [Carrot mottle mimic virus]	taxid:47736|Umbravirus carotae|Umbravirus|Calvusvirinae|Tombusviridae|Tolivirales|Tolucaviricetes|Kitrinoviricota|Orthornavirae|Riboviria	2024-07-11
SRR16842795	SRS10973404	SRP344934	Bos taurus	9913	SRR16842795_cap3_Contig-56	233	9.52e-06	38.272000	81	acc:YP_008327312|RNA-dependent RNA polymerase [Ustilaginoidea virens partitivirus 2]	taxid:1415665|Partitiviridae|Durnavirales|Duplopiviricetes|Pisuviricota|Orthornavirae|Riboviria	2024-07-11
SRR16842795	SRS10973404	SRP344934	Bos taurus	9913	SRR16842795_cap3_Contig-57	231	2.70e-07	37.333000	75	acc:YP_009337870|RdRp [Hubei diptera virus 17]	taxid:1922878|Riboviria	2024-07-11
SRR16842795	SRS10973404	SRP344934	Bos taurus	9913	SRR16842795_cap3_Contig-58	223	1.36e-44	98.649000	74	acc:NP_563609|RNA-dependent RNA polymerase P1-P2 fusion [Bean leafroll virus]	taxid:12041|Luteovirus phaseoli|Luteovirus|Regressovirinae|Tombusviridae|Tolivirales|Tolucaviricetes|Kitrinoviricota|Orthornavirae|Riboviria	2024-07-11
SRR16842795	SRS10973404	SRP344934	Bos taurus	9913	SRR16842795_cap3_Contig-59	220	1.11e-04	44.643000	56	acc:YP_009052421|hypothetical protein JO84_gp128 [Aureococcus anophagefferens virus]	taxid:1474867|Kratosvirus quantuckense|Kratosvirus|Schizomimiviridae|Imitervirales|Megaviricetes|Nucleocytoviricota|Bamfordvirae|Varidnaviria	2024-07-11
SRR16842795	SRS10973404	SRP344934	Bos taurus	9913	SRR16842795_cap3_Contig-60	218	8.00e-44	100.000000	72	acc:YP_053235|89.7 kd protein [Alfalfa mosaic virus]	taxid:12321|Alfamovirus|Bromoviridae|Martellivirales|Alsuviricetes|Kitrinoviricota|Orthornavirae|Riboviria	2024-07-11
SRR16842795	SRS10973404	SRP344934	Bos taurus	9913	SRR16842795_cap3_Contig-61	218	1.79e-20	56.923000	65	acc:YP_009333350|RdRp [Beihai partiti-like virus 2]	taxid:1922504|Riboviria	2024-07-11
SRR16842795	SRS10973404	SRP344934	Bos taurus	9913	SRR16842795_cap3_Contig-62	197	4.72e-05	32.836000	67	acc:YP_009333350|RdRp [Beihai partiti-like virus 2]	taxid:1922504|Riboviria	2024-07-11
SRR16842795	SRS10973404	SRP344934	Bos taurus	9913	SRR16842795_cap3_Contig-63	192	1.10e-09	50.000000	52	acc:YP_010770904|RNA-directed RNA polymerase, partial [ssRNA phage Zoerhiza.2_13]	taxid:2786792|Luloavirus edaphocola|Luloavirus|Steitzviridae|Timlovirales|Leviviricetes|Lenarviricota|Orthornavirae|Riboviria	2024-07-11
SRR17216262	SRS11299116	SRP350516	Chinchilla lanigera	34839	SRR17216262_cap3_Contig-1	6295	2.84e-59	37.371000	388	acc:YP_073558|RNA-dependent DNA polymerase [lymphocystis disease virus-China]	taxid:256729|Lymphocystis disease virus 2|Lymphocystivirus|Alphairidovirinae|Iridoviridae|Pimascovirales|Megaviricetes|Nucleocytoviricota|Bamfordvirae|Varidnaviria	2024-07-11
SRR17216262	SRS11299116	SRP350516	Chinchilla lanigera	34839	SRR17216262_cap3_Contig-2	2805	0.0	50.704000	710	acc:YP_009506364|polyprotein precursor [Theiler's disease-associated virus]	taxid:1307119|Pegivirus equi|Pegivirus|Flaviviridae|Amarillovirales|Flasuviricetes|Kitrinoviricota|Orthornavirae|Riboviria	2024-07-11
SRR17216262	SRS11299116	SRP350516	Chinchilla lanigera	34839	SRR17216262_cap3_Contig-3	439	4.45e-24	39.850000	133	acc:YP_010087922|RNA-dependent DNA polymerase [Lymphocystis disease virus 4]	taxid:2704413|Lymphocystivirus|Alphairidovirinae|Iridoviridae|Pimascovirales|Megaviricetes|Nucleocytoviricota|Bamfordvirae|Varidnaviria	2024-07-11
SRR17216262	SRS11299116	SRP350516	Chinchilla lanigera	34839	SRR17216262_cap3_Contig-4	221	1.09e-31	72.222000	72	acc:YP_010797622|RNA-dependent RNA polymerase [Penicillium citrinum ourmia-like virus 1]	taxid:2485924|Penicillium magoulivirus|Magoulivirus|Botourmiaviridae|Ourlivirales|Miaviricetes|Lenarviricota|Orthornavirae|Riboviria	2024-07-11
SRR17216262	SRS11299116	SRP350516	Chinchilla lanigera	34839	SRR17216262_cap3_Contig-5	204	6.10e-27	77.586000	58	acc:YP_010800274|RNA dependent RNA polymerase [Plasmopara viticola lesion associated ourmia-like virus 80]	taxid:2686554|Deltascleroulivirus betaplasmoparae|Deltascleroulivirus|Botourmiaviridae|Ourlivirales|Miaviricetes|Lenarviricota|Orthornavirae|Riboviria	2024-07-11
SRR17216287	SRS11299125	SRP350516	Tamias striatus	45474	SRR17216287_cap3_Contig-1	7409	0.0	34.471000	1758	acc:YP_010086139|polymerase [Zaliv Terpeniya virus]	taxid:2748235|Uukuvirus tyulenyense|Uukuvirus|Phenuiviridae|Bunyavirales|Ellioviricetes|Polyploviricotina|Negarnaviricota|Orthornavirae|Riboviria	2024-07-11
SRR17216287	SRS11299125	SRP350516	Tamias striatus	45474	SRR17216287_cap3_Contig-2	5458	0.0	63.927000	1813	acc:YP_010802855|RNA-dependent RNA polymerase, partial [Rhabdoviridae sp.]	taxid:1955137|Rhabdoviridae|Mononegavirales|Monjiviricetes|Haploviricotina|Negarnaviricota|Orthornavirae|Riboviria	2024-07-11
SRR17216287	SRS11299125	SRP350516	Tamias striatus	45474	SRR17216287_cap3_Contig-3	1497	3.03e-164	50.743000	471	acc:YP_009329869|RdRp [Beihai barnacle virus 13]	taxid:1922357|Riboviria	2024-07-11
SRR17216287	SRS11299125	SRP350516	Tamias striatus	45474	SRR17216287_cap3_Contig-4	846	0.89	31.429000	105	acc:YP_010086218|glycoprotein precursor complex [Massilia virus]	taxid:391640|Phlebovirus massiliaense|Phlebovirus|Phenuiviridae|Bunyavirales|Ellioviricetes|Polyploviricotina|Negarnaviricota|Orthornavirae|Riboviria	2024-07-11
SRR17216287	SRS11299125	SRP350516	Tamias striatus	45474	SRR17216287_cap3_Contig-5	629	6.29e-93	68.421000	209	acc:YP_010802855|RNA-dependent RNA polymerase, partial [Rhabdoviridae sp.]	taxid:1955137|Rhabdoviridae|Mononegavirales|Monjiviricetes|Haploviricotina|Negarnaviricota|Orthornavirae|Riboviria	2024-07-11
SRR17216481	SRS11299482	SRP350516	Blarina brevicauda	9387	SRR17216481_cap3_Contig-1	6915	0.0	63.608000	2278	acc:YP_009094096|polymerase [Mojiang virus]	taxid:1474807|Henipavirus mojiangense|Henipavirus|Orthoparamyxovirinae|Paramyxoviridae|Mononegavirales|Monjiviricetes|Haploviricotina|Negarnaviricota|Orthornavirae|Riboviria	2024-07-11
SRR17216481	SRS11299482	SRP350516	Blarina brevicauda	9387	SRR17216481_cap3_Contig-2	3018	0.0	70.329000	974	acc:YP_010840186|RdRp [Lena virus]	taxid:2847821|Mobatvirus lenaense|Mobatvirus|Mammantavirinae|Hantaviridae|Bunyavirales|Ellioviricetes|Polyploviricotina|Negarnaviricota|Orthornavirae|Riboviria	2024-07-11
SRR17216486	SRS11299486	SRP350516	Blarina brevicauda	9387	SRR17216486_cap3_Contig-1	6207	0.0	64.341000	2078	acc:YP_009094096|polymerase [Mojiang virus]	taxid:1474807|Henipavirus mojiangense|Henipavirus|Orthoparamyxovirinae|Paramyxoviridae|Mononegavirales|Monjiviricetes|Haploviricotina|Negarnaviricota|Orthornavirae|Riboviria	2024-07-11
SRR17216486	SRS11299486	SRP350516	Blarina brevicauda	9387	SRR17216486_cap3_Contig-2	554	3.01e-96	78.804000	184	acc:YP_010840186|RdRp [Lena virus]	taxid:2847821|Mobatvirus lenaense|Mobatvirus|Mammantavirinae|Hantaviridae|Bunyavirales|Ellioviricetes|Polyploviricotina|Negarnaviricota|Orthornavirae|Riboviria	2024-07-11
SRR17216486	SRS11299486	SRP350516	Blarina brevicauda	9387	SRR17216486_cap3_Contig-3	431	3.66e-75	79.021000	143	acc:YP_010840186|RdRp [Lena virus]	taxid:2847821|Mobatvirus lenaense|Mobatvirus|Mammantavirinae|Hantaviridae|Bunyavirales|Ellioviricetes|Polyploviricotina|Negarnaviricota|Orthornavirae|Riboviria	2024-07-11
SRR17216486	SRS11299486	SRP350516	Blarina brevicauda	9387	SRR17216486_cap3_Contig-4	239	1.32e-31	83.544000	79	acc:YP_010839931|RNA-dependent RNA polymerase [Xuan son virus]	taxid:1303862|Mobatvirus xuansonense|Mobatvirus|Mammantavirinae|Hantaviridae|Bunyavirales|Ellioviricetes|Polyploviricotina|Negarnaviricota|Orthornavirae|Riboviria	2024-07-11
SRR17216491	SRS11299491	SRP350516	Blarina brevicauda	9387	SRR17216491_cap3_Contig-1	16693	0.0	63.565000	2278	acc:YP_009094096|polymerase [Mojiang virus]	taxid:1474807|Henipavirus mojiangense|Henipavirus|Orthoparamyxovirinae|Paramyxoviridae|Mononegavirales|Monjiviricetes|Haploviricotina|Negarnaviricota|Orthornavirae|Riboviria	2024-07-11
SRR17216491	SRS11299491	SRP350516	Blarina brevicauda	9387	SRR17216491_cap3_Contig-2	1334	0.0	76.802000	444	acc:YP_010840186|RdRp [Lena virus]	taxid:2847821|Mobatvirus lenaense|Mobatvirus|Mammantavirinae|Hantaviridae|Bunyavirales|Ellioviricetes|Polyploviricotina|Negarnaviricota|Orthornavirae|Riboviria	2024-07-11
SRR17216491	SRS11299491	SRP350516	Blarina brevicauda	9387	SRR17216491_cap3_Contig-3	889	6.38e-145	79.211000	279	acc:YP_010840186|RdRp [Lena virus]	taxid:2847821|Mobatvirus lenaense|Mobatvirus|Mammantavirinae|Hantaviridae|Bunyavirales|Ellioviricetes|Polyploviricotina|Negarnaviricota|Orthornavirae|Riboviria	2024-07-11
SRR17216491	SRS11299491	SRP350516	Blarina brevicauda	9387	SRR17216491_cap3_Contig-4	262	3.69e-17	43.023000	86	acc:YP_010085030|L protein [Wuhan sharpbelly bornavirus]	taxid:2116489|Cultervirus hemicultri|Cultervirus|Bornaviridae|Mononegavirales|Monjiviricetes|Haploviricotina|Negarnaviricota|Orthornavirae|Riboviria	2024-07-11
SRR17216491	SRS11299491	SRP350516	Blarina brevicauda	9387	SRR17216491_cap3_Contig-5	155	8.32e-15	83.333000	36	acc:YP_010840186|RdRp [Lena virus]	taxid:2847821|Mobatvirus lenaense|Mobatvirus|Mammantavirinae|Hantaviridae|Bunyavirales|Ellioviricetes|Polyploviricotina|Negarnaviricota|Orthornavirae|Riboviria	2024-07-11
SRR17216496	SRS11299332	SRP350516	Blarina brevicauda	9387	SRR17216496_cap3_Contig-1	16702	0.0	63.608000	2278	acc:YP_009094096|polymerase [Mojiang virus]	taxid:1474807|Henipavirus mojiangense|Henipavirus|Orthoparamyxovirinae|Paramyxoviridae|Mononegavirales|Monjiviricetes|Haploviricotina|Negarnaviricota|Orthornavirae|Riboviria	2024-07-11
SRR17216496	SRS11299332	SRP350516	Blarina brevicauda	9387	SRR17216496_cap3_Contig-2	6522	0.0	73.277000	2148	acc:YP_010840186|RdRp [Lena virus]	taxid:2847821|Mobatvirus lenaense|Mobatvirus|Mammantavirinae|Hantaviridae|Bunyavirales|Ellioviricetes|Polyploviricotina|Negarnaviricota|Orthornavirae|Riboviria	2024-07-11
SRR17216496	SRS11299332	SRP350516	Blarina brevicauda	9387	SRR17216496_cap3_Contig-3	349	6.6	50.000000	26	acc:YP_001425909|hypothetical protein FR483_N277L [Paramecium bursaria Chlorella virus FR483]	taxid:399781|Paramecium bursaria Chlorella virus A1|Chlorovirus|Phycodnaviridae|Algavirales|Megaviricetes|Nucleocytoviricota|Bamfordvirae|Varidnaviria	2024-07-11
SRR17216498	SRS11299335	SRP350516	Blarina brevicauda	9387	SRR17216498_cap3_Contig-1	2129	9.25e-105	33.003000	706	acc:YP_010798334|polymerase [Mivirus sp.]	taxid:2599622|Mivirus|Chuviridae|Jingchuvirales|Monjiviricetes|Haploviricotina|Negarnaviricota|Orthornavirae|Riboviria	2024-07-11
SRR17216498	SRS11299335	SRP350516	Blarina brevicauda	9387	SRR17216498_cap3_Contig-2	1334	5.01e-72	35.123000	447	acc:YP_009336561|hypothetical protein 3 [Hubei tombus-like virus 40]	taxid:1923289|Riboviria	2024-07-11
SRR17216498	SRS11299335	SRP350516	Blarina brevicauda	9387	SRR17216498_cap3_Contig-3	1151	0.0	77.546000	383	acc:YP_010840186|RdRp [Lena virus]	taxid:2847821|Mobatvirus lenaense|Mobatvirus|Mammantavirinae|Hantaviridae|Bunyavirales|Ellioviricetes|Polyploviricotina|Negarnaviricota|Orthornavirae|Riboviria	2024-07-11
SRR17216498	SRS11299335	SRP350516	Blarina brevicauda	9387	SRR17216498_cap3_Contig-4	1002	1.39e-170	76.807000	332	acc:YP_010840186|RdRp [Lena virus]	taxid:2847821|Mobatvirus lenaense|Mobatvirus|Mammantavirinae|Hantaviridae|Bunyavirales|Ellioviricetes|Polyploviricotina|Negarnaviricota|Orthornavirae|Riboviria	2024-07-11
SRR17216498	SRS11299335	SRP350516	Blarina brevicauda	9387	SRR17216498_cap3_Contig-5	801	1.40e-51	38.989000	277	acc:YP_009336533|hypothetical protein [Hubei tick virus 3]	taxid:1923254|Riboviria	2024-07-11
SRR17216498	SRS11299335	SRP350516	Blarina brevicauda	9387	SRR17216498_cap3_Contig-6	633	1.32e-64	53.266000	199	acc:YP_009336552|hypothetical protein [Hubei tick virus 1]	taxid:1923252|Riboviria	2024-07-11
SRR17216498	SRS11299335	SRP350516	Blarina brevicauda	9387	SRR17216498_cap3_Contig-7	412	0.50	45.161000	31	acc:YP_010770619|RNA-directed RNA polymerase [ssRNA phage Gerhypos.4_46]	taxid:2786349|Gredihovirus tellurivivens|Gredihovirus|Steitzviridae|Timlovirales|Leviviricetes|Lenarviricota|Orthornavirae|Riboviria	2024-07-11
SRR17216498	SRS11299335	SRP350516	Blarina brevicauda	9387	SRR17216498_cap3_Contig-8	295	6.09e-29	53.061000	98	acc:YP_009330073|hypothetical protein 2 [Hubei sobemo-like virus 24]	taxid:1923210|Riboviria	2024-07-11
SRR17216498	SRS11299335	SRP350516	Blarina brevicauda	9387	SRR17216498_cap3_Contig-9	274	4.63e-31	61.538000	91	acc:YP_009336542|hypothetical protein [Hubei tick virus 2]	taxid:1923253|Riboviria	2024-07-11
SRR17216498	SRS11299335	SRP350516	Blarina brevicauda	9387	SRR17216498_cap3_Contig-10	217	6.03e-39	84.722000	72	acc:YP_009094096|polymerase [Mojiang virus]	taxid:1474807|Henipavirus mojiangense|Henipavirus|Orthoparamyxovirinae|Paramyxoviridae|Mononegavirales|Monjiviricetes|Haploviricotina|Negarnaviricota|Orthornavirae|Riboviria	2024-07-11
SRR17721719	SRS11753151	SRP356493	Rattus norvegicus	10116	SRR17721719_cap3_Contig-1	1096	2.84e-26	46.032000	126	acc:YP_009304476|RNA-dependent RNA polymerase [Tacheng Tick Virus 7]	taxid:1608089|Rhabdoviridae|Mononegavirales|Monjiviricetes|Haploviricotina|Negarnaviricota|Orthornavirae|Riboviria	2024-07-11
SRR17721719	SRS11753151	SRP356493	Rattus norvegicus	10116	SRR17721719_cap3_Contig-2	259	2.76e-21	52.632000	76	acc:YP_009304476|RNA-dependent RNA polymerase [Tacheng Tick Virus 7]	taxid:1608089|Rhabdoviridae|Mononegavirales|Monjiviricetes|Haploviricotina|Negarnaviricota|Orthornavirae|Riboviria	2024-07-11
SRR17721719	SRS11753151	SRP356493	Rattus norvegicus	10116	SRR17721719_cap3_Contig-3	117	4.50e-13	74.359000	39	acc:YP_009304476|RNA-dependent RNA polymerase [Tacheng Tick Virus 7]	taxid:1608089|Rhabdoviridae|Mononegavirales|Monjiviricetes|Haploviricotina|Negarnaviricota|Orthornavirae|Riboviria	2024-07-11
SRR17721719	SRS11753151	SRP356493	Rattus norvegicus	10116	SRR17721719_cap3_Contig-4	109	3.62e-12	74.286000	35	acc:YP_009304476|RNA-dependent RNA polymerase [Tacheng Tick Virus 7]	taxid:1608089|Rhabdoviridae|Mononegavirales|Monjiviricetes|Haploviricotina|Negarnaviricota|Orthornavirae|Riboviria	2024-07-11
SRR18171533	SRS7435272	SRP285546	Chlorocebus sabaeus	60711	SRR18171533_cap3_Contig-1	11986	0.0	99.858000	2109	acc:NP_041716|polymerase (L protein) [Vesicular stomatitis Indiana virus]	taxid:11277|Vesiculovirus indiana|Vesiculovirus|Alpharhabdovirinae|Rhabdoviridae|Mononegavirales|Monjiviricetes|Haploviricotina|Negarnaviricota|Orthornavirae|Riboviria	2024-07-11
SRR18171541	SRS7435272	SRP285546	Chlorocebus sabaeus	60711	SRR18171541_cap3_Contig-1	12058	0.0	99.858000	2109	acc:NP_041716|polymerase (L protein) [Vesicular stomatitis Indiana virus]	taxid:11277|Vesiculovirus indiana|Vesiculovirus|Alpharhabdovirinae|Rhabdoviridae|Mononegavirales|Monjiviricetes|Haploviricotina|Negarnaviricota|Orthornavirae|Riboviria	2024-07-11
SRR18171541	SRS7435272	SRP285546	Chlorocebus sabaeus	60711	SRR18171541_cap3_Contig-2	141	9.06e-28	100.000000	47	acc:NP_620495|RNA polymerase [Saccharomyces cerevisiae virus L-A]	taxid:11008|Totivirus|Totiviridae|Ghabrivirales|Chrymotiviricetes|Duplornaviricota|Orthornavirae|Riboviria	2024-07-11
SRR18894134	SRS12722970	SRP371774	Chlorocebus aethiops	9534	SRR18894134_cap3_Contig-1	12840	0.0	99.909000	2195	acc:YP_010796325|large protein [Bat paramyxovirus]	taxid:1300978|Jeilongvirus murinae|Jeilongvirus|Orthoparamyxovirinae|Paramyxoviridae|Mononegavirales|Monjiviricetes|Haploviricotina|Negarnaviricota|Orthornavirae|Riboviria	2024-07-12
SRR18894134	SRS12722970	SRP371774	Chlorocebus aethiops	9534	SRR18894134_cap3_Contig-2	8945	0.0	94.876000	2908	acc:YP_010796452|polyprotein [Bovine viral diarrhea virus 1-SD1]	taxid:31656|Pestivirus bovis|Pestivirus|Flaviviridae|Amarillovirales|Flasuviricetes|Kitrinoviricota|Orthornavirae|Riboviria	2024-07-12
SRR18894135	SRS12722969	SRP371774	Chlorocebus aethiops	9534	SRR18894135_cap3_Contig-1	9719	0.0	99.833000	1196	acc:YP_010796325|large protein [Bat paramyxovirus]	taxid:1300978|Jeilongvirus murinae|Jeilongvirus|Orthoparamyxovirinae|Paramyxoviridae|Mononegavirales|Monjiviricetes|Haploviricotina|Negarnaviricota|Orthornavirae|Riboviria	2024-07-12
SRR18894135	SRS12722969	SRP371774	Chlorocebus aethiops	9534	SRR18894135_cap3_Contig-2	2100	0.0	95.556000	630	acc:YP_010796452|polyprotein [Bovine viral diarrhea virus 1-SD1]	taxid:31656|Pestivirus bovis|Pestivirus|Flaviviridae|Amarillovirales|Flasuviricetes|Kitrinoviricota|Orthornavirae|Riboviria	2024-07-12
SRR18894136	SRS12722968	SRP371774	Chlorocebus aethiops	9534	SRR18894136_cap3_Contig-1	12856	0.0	99.909000	2195	acc:YP_010796325|large protein [Bat paramyxovirus]	taxid:1300978|Jeilongvirus murinae|Jeilongvirus|Orthoparamyxovirinae|Paramyxoviridae|Mononegavirales|Monjiviricetes|Haploviricotina|Negarnaviricota|Orthornavirae|Riboviria	2024-07-12
SRR18894136	SRS12722968	SRP371774	Chlorocebus aethiops	9534	SRR18894136_cap3_Contig-2	9079	0.0	94.687000	2955	acc:YP_010796452|polyprotein [Bovine viral diarrhea virus 1-SD1]	taxid:31656|Pestivirus bovis|Pestivirus|Flaviviridae|Amarillovirales|Flasuviricetes|Kitrinoviricota|Orthornavirae|Riboviria	2024-07-12
SRR18894137	SRS12722967	SRP371774	Chlorocebus aethiops	9534	SRR18894137_cap3_Contig-1	11208	0.0	100.000000	2195	acc:YP_010796325|large protein [Bat paramyxovirus]	taxid:1300978|Jeilongvirus murinae|Jeilongvirus|Orthoparamyxovirinae|Paramyxoviridae|Mononegavirales|Monjiviricetes|Haploviricotina|Negarnaviricota|Orthornavirae|Riboviria	2024-07-12
SRR18894137	SRS12722967	SRP371774	Chlorocebus aethiops	9534	SRR18894137_cap3_Contig-2	8928	0.0	94.905000	2905	acc:YP_010796452|polyprotein [Bovine viral diarrhea virus 1-SD1]	taxid:31656|Pestivirus bovis|Pestivirus|Flaviviridae|Amarillovirales|Flasuviricetes|Kitrinoviricota|Orthornavirae|Riboviria	2024-07-12
SRR18894138	SRS12722966	SRP371774	Chlorocebus aethiops	9534	SRR18894138_cap3_Contig-1	12797	0.0	100.000000	2195	acc:YP_010796325|large protein [Bat paramyxovirus]	taxid:1300978|Jeilongvirus murinae|Jeilongvirus|Orthoparamyxovirinae|Paramyxoviridae|Mononegavirales|Monjiviricetes|Haploviricotina|Negarnaviricota|Orthornavirae|Riboviria	2024-07-12
SRR18894138	SRS12722966	SRP371774	Chlorocebus aethiops	9534	SRR18894138_cap3_Contig-2	8940	0.0	94.696000	2941	acc:YP_010796452|polyprotein [Bovine viral diarrhea virus 1-SD1]	taxid:31656|Pestivirus bovis|Pestivirus|Flaviviridae|Amarillovirales|Flasuviricetes|Kitrinoviricota|Orthornavirae|Riboviria	2024-07-12
SRR18894139	SRS12722965	SRP371774	Chlorocebus aethiops	9534	SRR18894139_cap3_Contig-1	12816	0.0	99.928000	1398	acc:YP_010796325|large protein [Bat paramyxovirus]	taxid:1300978|Jeilongvirus murinae|Jeilongvirus|Orthoparamyxovirinae|Paramyxoviridae|Mononegavirales|Monjiviricetes|Haploviricotina|Negarnaviricota|Orthornavirae|Riboviria	2024-07-12
SRR18894139	SRS12722965	SRP371774	Chlorocebus aethiops	9534	SRR18894139_cap3_Contig-2	8991	0.0	94.783000	2933	acc:YP_010796452|polyprotein [Bovine viral diarrhea virus 1-SD1]	taxid:31656|Pestivirus bovis|Pestivirus|Flaviviridae|Amarillovirales|Flasuviricetes|Kitrinoviricota|Orthornavirae|Riboviria	2024-07-12
SRR19431078	SRS13200135	SRP377428	Bos taurus	9913	SRR19431078_cap3_Contig-1	12782	0.0	48.205000	2145	acc:YP_006200965|L protein [Obodhiang virus]	taxid:380160|Ephemerovirus obodhiang|Ephemerovirus|Alpharhabdovirinae|Rhabdoviridae|Mononegavirales|Monjiviricetes|Haploviricotina|Negarnaviricota|Orthornavirae|Riboviria	2024-07-11
SRR19431078	SRS13200135	SRP377428	Bos taurus	9913	SRR19431078_cap3_Contig-2	3319	3.05e-108	37.963000	540	acc:YP_010649013|Ro-like RNA binding protein [Gordonia phage Forza]	taxid:2571247|Forzavirus forza|Forzavirus|Caudoviricetes|Uroviricota|Heunggongvirae|Duplodnaviria	2024-07-11
SRR19431078	SRS13200135	SRP377428	Bos taurus	9913	SRR19431078_cap3_Contig-3	462	3.4	42.857000	35	acc:YP_009025166|RNA-dependent RNA polymerase, partial [Persimmon latent virus]	taxid:1211481|dsRNA viruses|Riboviria	2024-07-11
SRR19654607	SRS13398820	SRP380228	Monodelphis domestica	13616	SRR19654607_cap3_Contig-1	1357	6.14e-20	30.800000	250	acc:YP_025203|unknown [Neodiprion lecontei nucleopolyhedrovirus]	taxid:249151|Gammabaculovirus nelecontei|Gammabaculovirus|Baculoviridae|Lefavirales|Naldaviricetes	2024-07-12
SRR20210901	SRS13885519	SRP386471	Monodelphis domestica	13616	SRR20210901_cap3_Contig-1	4504	7.83e-58	50.820000	244	acc:YP_010085030|L protein [Wuhan sharpbelly bornavirus]	taxid:2116489|Cultervirus hemicultri|Cultervirus|Bornaviridae|Mononegavirales|Monjiviricetes|Haploviricotina|Negarnaviricota|Orthornavirae|Riboviria	2024-07-11
SRR20210901	SRS13885519	SRP386471	Monodelphis domestica	13616	SRR20210901_cap3_Contig-2	3837	3.70e-19	30.800000	250	acc:YP_025203|unknown [Neodiprion lecontei nucleopolyhedrovirus]	taxid:249151|Gammabaculovirus nelecontei|Gammabaculovirus|Baculoviridae|Lefavirales|Naldaviricetes	2024-07-11
SRR20210901	SRS13885519	SRP386471	Monodelphis domestica	13616	SRR20210901_cap3_Contig-3	371	1.11e-82	99.187000	123	acc:YP_009130648|RNA dependent RNA polymerase, partial [Canine astrovirus]	taxid:1157338|Mamastrovirus|Astroviridae|Stellavirales|Stelpaviricetes|Pisuviricota|Orthornavirae|Riboviria	2024-07-11
SRR20210901	SRS13885519	SRP386471	Monodelphis domestica	13616	SRR20210901_cap3_Contig-4	216	2.46e-37	92.958000	71	acc:YP_392464|structural protein VP1 [Rotavirus C]	taxid:36427|Rotavirus|Sedoreoviridae|Reovirales|Resentoviricetes|Duplornaviricota|Orthornavirae|Riboviria	2024-07-11
SRR20210901	SRS13885519	SRP386471	Monodelphis domestica	13616	SRR20210901_cap3_Contig-5	214	1.99e-41	98.571000	70	acc:YP_009130648|RNA dependent RNA polymerase, partial [Canine astrovirus]	taxid:1157338|Mamastrovirus|Astroviridae|Stellavirales|Stelpaviricetes|Pisuviricota|Orthornavirae|Riboviria	2024-07-11
SRR20210902	SRS13885518	SRP386471	Monodelphis domestica	13616	SRR20210902_cap3_Contig-1	1038	7.57e-96	48.680000	341	acc:YP_010085030|L protein [Wuhan sharpbelly bornavirus]	taxid:2116489|Cultervirus hemicultri|Cultervirus|Bornaviridae|Mononegavirales|Monjiviricetes|Haploviricotina|Negarnaviricota|Orthornavirae|Riboviria	2024-07-11
SRR20210902	SRS13885518	SRP386471	Monodelphis domestica	13616	SRR20210902_cap3_Contig-2	367	4.9	32.500000	40	acc:YP_009823296|hypothetical protein HOV48_gp140 [Rheinheimera phage Barba21A]	taxid:2849598|Barbavirus barba21A|Barbavirus|Caudoviricetes|Uroviricota|Heunggongvirae|Duplodnaviria	2024-07-11
SRR20210902	SRS13885518	SRP386471	Monodelphis domestica	13616	SRR20210902_cap3_Contig-3	260	2.32e-46	93.023000	86	acc:YP_392464|structural protein VP1 [Rotavirus C]	taxid:36427|Rotavirus|Sedoreoviridae|Reovirales|Resentoviricetes|Duplornaviricota|Orthornavirae|Riboviria	2024-07-11
SRR20210903	SRS13885517	SRP386471	Monodelphis domestica	13616	SRR20210903_cap3_Contig-1	1797	1.72e-61	50.820000	244	acc:YP_010085030|L protein [Wuhan sharpbelly bornavirus]	taxid:2116489|Cultervirus hemicultri|Cultervirus|Bornaviridae|Mononegavirales|Monjiviricetes|Haploviricotina|Negarnaviricota|Orthornavirae|Riboviria	2024-07-11
SRR20210903	SRS13885517	SRP386471	Monodelphis domestica	13616	SRR20210903_cap3_Contig-2	278	4.01e-59	96.739000	92	acc:YP_009130648|RNA dependent RNA polymerase, partial [Canine astrovirus]	taxid:1157338|Mamastrovirus|Astroviridae|Stellavirales|Stelpaviricetes|Pisuviricota|Orthornavirae|Riboviria	2024-07-11
SRR20210904	SRS13885516	SRP386471	Monodelphis domestica	13616	SRR20210904_cap3_Contig-1	245	1.05e-21	50.000000	80	acc:YP_009507831|RNA-dependent RNA polymerase, partial [Scheffersomyces segobiensis virus L]	taxid:1300323|Totivirus|Totiviridae|Ghabrivirales|Chrymotiviricetes|Duplornaviricota|Orthornavirae|Riboviria	2024-07-10
SRR20210904	SRS13885516	SRP386471	Monodelphis domestica	13616	SRR20210904_cap3_Contig-2	192	6.77e-39	100.000000	63	acc:YP_009130648|RNA dependent RNA polymerase, partial [Canine astrovirus]	taxid:1157338|Mamastrovirus|Astroviridae|Stellavirales|Stelpaviricetes|Pisuviricota|Orthornavirae|Riboviria	2024-07-10
SRR20210906	SRS13885514	SRP386471	Monodelphis domestica	13616	SRR20210906_cap3_Contig-1	3269	1.62e-58	50.820000	244	acc:YP_010085030|L protein [Wuhan sharpbelly bornavirus]	taxid:2116489|Cultervirus hemicultri|Cultervirus|Bornaviridae|Mononegavirales|Monjiviricetes|Haploviricotina|Negarnaviricota|Orthornavirae|Riboviria	2024-07-11
SRR20210906	SRS13885514	SRP386471	Monodelphis domestica	13616	SRR20210906_cap3_Contig-2	194	1.65e-36	92.188000	64	acc:YP_392464|structural protein VP1 [Rotavirus C]	taxid:36427|Rotavirus|Sedoreoviridae|Reovirales|Resentoviricetes|Duplornaviricota|Orthornavirae|Riboviria	2024-07-11
SRR20210906	SRS13885514	SRP386471	Monodelphis domestica	13616	SRR20210906_cap3_Contig-3	182	8.38e-35	96.667000	60	acc:YP_392464|structural protein VP1 [Rotavirus C]	taxid:36427|Rotavirus|Sedoreoviridae|Reovirales|Resentoviricetes|Duplornaviricota|Orthornavirae|Riboviria	2024-07-11
SRR20210909	SRS13885511	SRP386471	Monodelphis domestica	13616	SRR20210909_cap3_Contig-1	3051	4.85e-58	50.826000	242	acc:YP_010085030|L protein [Wuhan sharpbelly bornavirus]	taxid:2116489|Cultervirus hemicultri|Cultervirus|Bornaviridae|Mononegavirales|Monjiviricetes|Haploviricotina|Negarnaviricota|Orthornavirae|Riboviria	2024-07-10
SRR20210909	SRS13885511	SRP386471	Monodelphis domestica	13616	SRR20210909_cap3_Contig-2	336	1.28e-62	88.182000	110	acc:YP_392464|structural protein VP1 [Rotavirus C]	taxid:36427|Rotavirus|Sedoreoviridae|Reovirales|Resentoviricetes|Duplornaviricota|Orthornavirae|Riboviria	2024-07-10
SRR20210909	SRS13885511	SRP386471	Monodelphis domestica	13616	SRR20210909_cap3_Contig-3	217	8.45e-46	100.000000	72	acc:YP_009130648|RNA dependent RNA polymerase, partial [Canine astrovirus]	taxid:1157338|Mamastrovirus|Astroviridae|Stellavirales|Stelpaviricetes|Pisuviricota|Orthornavirae|Riboviria	2024-07-10
SRR20210909	SRS13885511	SRP386471	Monodelphis domestica	13616	SRR20210909_cap3_Contig-4	200	2.27e-33	92.424000	66	acc:YP_392464|structural protein VP1 [Rotavirus C]	taxid:36427|Rotavirus|Sedoreoviridae|Reovirales|Resentoviricetes|Duplornaviricota|Orthornavirae|Riboviria	2024-07-10
SRR20210912	SRS13885508	SRP386471	Monodelphis domestica	13616	SRR20210912_cap3_Contig-1	2311	4.59e-60	50.820000	244	acc:YP_010085030|L protein [Wuhan sharpbelly bornavirus]	taxid:2116489|Cultervirus hemicultri|Cultervirus|Bornaviridae|Mononegavirales|Monjiviricetes|Haploviricotina|Negarnaviricota|Orthornavirae|Riboviria	2024-07-11
SRR20210912	SRS13885508	SRP386471	Monodelphis domestica	13616	SRR20210912_cap3_Contig-2	248	8.31e-51	100.000000	82	acc:YP_009130648|RNA dependent RNA polymerase, partial [Canine astrovirus]	taxid:1157338|Mamastrovirus|Astroviridae|Stellavirales|Stelpaviricetes|Pisuviricota|Orthornavirae|Riboviria	2024-07-11
SRR20210912	SRS13885508	SRP386471	Monodelphis domestica	13616	SRR20210912_cap3_Contig-3	209	3.66e-41	98.551000	69	acc:YP_009130648|RNA dependent RNA polymerase, partial [Canine astrovirus]	taxid:1157338|Mamastrovirus|Astroviridae|Stellavirales|Stelpaviricetes|Pisuviricota|Orthornavirae|Riboviria	2024-07-11
SRR20210912	SRS13885508	SRP386471	Monodelphis domestica	13616	SRR20210912_cap3_Contig-4	209	3.41e-39	91.304000	69	acc:YP_392464|structural protein VP1 [Rotavirus C]	taxid:36427|Rotavirus|Sedoreoviridae|Reovirales|Resentoviricetes|Duplornaviricota|Orthornavirae|Riboviria	2024-07-11
SRR20665092	SRS14318814	SRP388357	Sus scrofa	9823	SRR20665092_cap3_Contig-1	2114	5.17e-173	49.341000	531	acc:YP_010769525|RNA-directed RNA polymerase [ssRNA phage Esthiorhiza.2_30]	taxid:2786048|Mihkrovirus pedovicinum|Mihkrovirus|Fiersviridae|Norzivirales|Leviviricetes|Lenarviricota|Orthornavirae|Riboviria	2024-07-11
SRR20665092	SRS14318814	SRP388357	Sus scrofa	9823	SRR20665092_cap3_Contig-2	205	6.18e-29	76.119000	67	acc:NP_077730|RNA dependent RNA polymerase protein A [Nodamura virus]	taxid:12288|Alphanodavirus|Nodaviridae|Nodamuvirales|Magsaviricetes|Kitrinoviricota|Orthornavirae|Riboviria	2024-07-11
SRR22952835	SRS16338097	SRP415482	Bos taurus	9913	SRR22952835_cap3_Contig-1	7961	0.0	47.539000	833	acc:YP_009337726|hypothetical protein 2 [Hubei picorna-like virus 22]	taxid:1923102|Riboviria	2024-07-11
SRR22952835	SRS16338097	SRP415482	Bos taurus	9913	SRR22952835_cap3_Contig-2	7567	1.71e-99	31.677000	805	acc:YP_009337725|hypothetical protein 1 [Hubei picorna-like virus 22]	taxid:1923102|Riboviria	2024-07-11
SRR22952835	SRS16338097	SRP415482	Bos taurus	9913	SRR22952835_cap3_Contig-3	427	3.40e-97	100.000000	142	acc:NP_734327|NIb protein [Ryegrass mosaic virus]	taxid:40666|Rymovirus|Potyviridae|Patatavirales|Stelpaviricetes|Pisuviricota|Orthornavirae|Riboviria	2024-07-11
SRR22952835	SRS16338097	SRP415482	Bos taurus	9913	SRR22952835_cap3_Contig-4	424	8.01e-14	36.029000	136	acc:YP_009337423|hypothetical protein [Hubei virga-like virus 1]	taxid:1923324|Riboviria	2024-07-11
SRR22952835	SRS16338097	SRP415482	Bos taurus	9913	SRR22952835_cap3_Contig-5	243	4.80e-21	53.750000	80	acc:YP_009553357|replication-associated polyprotein [Fusarium graminearum mycotymovirus 1]	taxid:1809243|Tymovirales|Alsuviricetes|Kitrinoviricota|Orthornavirae|Riboviria	2024-07-11
SRR22952835	SRS16338097	SRP415482	Bos taurus	9913	SRR22952835_cap3_Contig-6	228	3.53e-19	48.000000	75	acc:YP_009254000|L [Lonestar tick chuvirus 1] [Lonestar tick chuvirus 1]	taxid:1844927|Mivirus amblyommae|Mivirus|Chuviridae|Jingchuvirales|Monjiviricetes|Haploviricotina|Negarnaviricota|Orthornavirae|Riboviria	2024-07-11
SRR22952835	SRS16338097	SRP415482	Bos taurus	9913	SRR22952835_cap3_Contig-7	223	1.05e-11	42.857000	70	acc:YP_009553357|replication-associated polyprotein [Fusarium graminearum mycotymovirus 1]	taxid:1809243|Tymovirales|Alsuviricetes|Kitrinoviricota|Orthornavirae|Riboviria	2024-07-11
SRR22952835	SRS16338097	SRP415482	Bos taurus	9913	SRR22952835_cap3_Contig-8	202	2.20e-14	50.746000	67	acc:YP_009553357|replication-associated polyprotein [Fusarium graminearum mycotymovirus 1]	taxid:1809243|Tymovirales|Alsuviricetes|Kitrinoviricota|Orthornavirae|Riboviria	2024-07-11
