"ViralRefSeq_taxonomy","Processed_ViralRefSeq_subject","subject_count"
"Alphaflexiviridae","Lolium latent virus",2
"Alphaflexiviridae","Vanilla virus X",1
"Alphaflexiviridae","White clover mosaic virus",2
"Amalgaviridae","Allium cepa amalgavirus 2",1
"Amalgaviridae","Antonospora locustae virus 1",5
"Amalgaviridae","Cleome droserifolia amalgavirus 1",1
"Amalgaviridae","Zostera marina amalgavirus 1",1
"Amalgaviridae","Zygosaccharomyces bailii virus Z",5
"Arenaviridae","Lijiang virus",1
"Arenaviridae","Mammarenavirus bearense",2
"Arenaviridae","Mammarenavirus lunaense",1
"Arteriviridae","African pouched rat arterivirus",17
"Arteriviridae","DeBrazza's monkey arterivirus",1
"Arteriviridae","Equine arteritis virus",10
"Arteriviridae","Kibale red colobus virus 1",3
"Arteriviridae","Kibale red colobus virus 2",3
"Arteriviridae","Kibale red-tailed guenon virus 1",1
"Arteriviridae","Lactate dehydrogenase-elevating virus",22
"Arteriviridae","Lelystad virus",1
"Arteriviridae","Olivier's shrew virus 1",1
"Arteriviridae","Porcine reproductive and respiratory syndrome virus",841
"Arteriviridae","Porcine reproductive and respiratory syndrome virus 2",253
"Arteriviridae","Rat arterivirus 1",8
"Arteriviridae","Rodent arterivirus",51
"Astroviridae","Astrovirus Er/SZAL6/HUN/2011",3
"Astroviridae","Astrovirus VA1",5
"Astroviridae","Astrovirus VA3",1
"Astroviridae","Astrovirus wild boar/WBAstV-1/2011/HUN",3
"Astroviridae","Bastrovirus 7",5
"Astroviridae","Bastrovirus-like_virus/VietNam/Bat/17819_21",4
"Astroviridae","Bastrovirus/VietNam/Porcine/17489_85",16
"Astroviridae","Bat astrovirus Tm/Guangxi/LD38/2007",21
"Astroviridae","Bat astrovirus Tm/Guangxi/LD77/2007",2
"Astroviridae","Bovine astrovirus B76/HK",1
"Astroviridae","California sea lion astrovirus 2",3
"Astroviridae","Canine astrovirus",14
"Astroviridae","Chicken astrovirus",1
"Astroviridae","Culex Bastrovirus-like virus",2
"Astroviridae","Dromedary astrovirus",10
"Astroviridae","Duck astrovirus C-NGB",1
"Astroviridae","Feline astrovirus D1",1
"Astroviridae","Human astrovirus BF34",1
"Astroviridae","Mamastrovirus 11",1
"Astroviridae","Mamastrovirus 14",1
"Astroviridae","Mamastrovirus 18",57
"Astroviridae","Mamastrovirus 2",15
"Astroviridae","Mamastrovirus 3",18
"Astroviridae","Murine astrovirus",5
"Astroviridae","Porcine astrovirus 2",27
"Astroviridae","Porcine astrovirus 3",1
"Astroviridae","Porcine astrovirus 4",16
"Astroviridae","Porcine astrovirus 5",3
"Astroviridae","Qinghai Himalayan marmot astrovirus 1",1
"Astroviridae","Qinghai Himalayan marmot astrovirus 2",2
"Astroviridae","Rabbit astrovirus TN/2208/2010",2
"Astroviridae","Rodent astrovirus",4
"Astroviridae","Sichuan takin astrovirus",2
"Astroviridae","Turkey astrovirus 2",1
"Atkinsviridae","ssRNA phage Esthiorhiza.4_2",1
"Atkinsviridae","ssRNA phage Gephyllon.1_7",1
"Atkinsviridae","ssRNA phage Gephyllon.1_9",18
"Atkinsviridae","ssRNA phage Gephyllon.2_13",1
"Atkinsviridae","ssRNA phage Gerhypos.4_36",6
"Atkinsviridae","ssRNA phage SRR5466364_2",2
"Atkinsviridae","ssRNA phage SRR5466725_4",1
"Atkinsviridae","ssRNA phage SRR5466728_1",4
"Atkinsviridae","ssRNA phage SRR5467091_1",1
"Atkinsviridae","ssRNA phage SRR5467091_3",2
"Atkinsviridae","ssRNA phage SRR6960803_3",1
"Atkinsviridae","ssRNA phage SRR7976299_2",1
"Atkinsviridae","ssRNA phage SRR7976299_3",6
"Atkinsviridae","ssRNA phage SRR7976325_1",1
"Atkinsviridae","ssRNA phage SRR7976325_3",4
"Atkinsviridae","ssRNA phage SRR7976356_2",1
"Atkinsviridae","ssRNA phage SRR7976356_3",2
"Atkinsviridae","ssRNA phage Zoerhiza.2_8",2
"Atkinsviridae","ssRNA phage Zoerhiza.3_1",2
"Barnaviridae","Mushroom bacilliform virus",6
"Benyviridae","Burdock mottle virus",1
"Benyviridae","Rice stripe necrosis virus",3
"Benyviridae","Wheat stripe mosaic virus",2
"Betaflexiviridae","Actinidia seed borne latent virus",2
"Betaflexiviridae","Apricot pseudo-chlorotic leaf spot virus",1
"Betaflexiviridae","Grapevine berry inner necrosis virus",2
"Betaflexiviridae","Hydrangea chlorotic mottle virus",1
"Betaflexiviridae","Pea streak virus",1
"Betaflexiviridae","Peach chlorotic leaf spot virus",1
"Betaflexiviridae","Sweet potato chlorotic fleck virus",1
"Birnaviridae","Tellina virus 1",1
"Blumeviridae","ssRNA phage AVE016",7
"Blumeviridae","ssRNA phage AVE018",2
"Blumeviridae","ssRNA phage ESO001",1
"Blumeviridae","ssRNA phage Gerhypos.4_51",12
"Blumeviridae","ssRNA phage SRR5466369_1",2
"Blumeviridae","ssRNA phage SRR5466725_5",3
"Blumeviridae","ssRNA phage SRR5466725_6",6
"Blumeviridae","ssRNA phage SRR5467091_4",2
"Blumeviridae","ssRNA phage SRR6255746_1",4
"Blumeviridae","ssRNA phage SRR6960509_3",3
"Blumeviridae","ssRNA phage SRR6960799_2",4
"Blumeviridae","ssRNA phage SRR6960799_3",5
"Blumeviridae","ssRNA phage SRR6960799_4",1
"Blumeviridae","ssRNA phage SRR6960799_5",2
"Blumeviridae","ssRNA phage SRR6960799_6",3
"Blumeviridae","ssRNA phage SRR6960799_7",1
"Blumeviridae","ssRNA phage SRR7976299_4",2
"Blumeviridae","ssRNA phage SRR7976300_1",1
"Blumeviridae","ssRNA phage SRR7976310_4",4
"Blumeviridae","ssRNA phage SRR7976324_1",3
"Blumeviridae","ssRNA phage SRR7976324_2",4
"Bornaviridae","Parrot bornavirus 4",1
"Bornaviridae","Wuhan sharpbelly bornavirus",7
"Botourmiaviridae","Aspergillus neoniger ourmia-like virus 1",5
"Botourmiaviridae","Botrytis cinerea ourmia-like virus 14",1
"Botourmiaviridae","Botrytis cinerea ourmia-like virus 7",1
"Botourmiaviridae","Entoleuca ourmia-like virus 1",1
"Botourmiaviridae","Epirus cherry virus",9
"Botourmiaviridae","Fusarium oxysporum ourmia-like virus",3
"Botourmiaviridae","Macrophomina phaseolina ourmia-like virus 2-A",1
"Botourmiaviridae","Magnaporthe oryzae ourmia-like virus",1
"Botourmiaviridae","Ourmia melon virus",6
"Botourmiaviridae","Penicillium citrinum ourmia-like virus 1",1
"Botourmiaviridae","Penicillium sumatrense ourmia-like virus 1",1
"Botourmiaviridae","Phoma matteucciicola ourmia-like virus 1",2
"Botourmiaviridae","Plasmopara viticola lesion associated ourmia-like virus 10",1
"Botourmiaviridae","Plasmopara viticola lesion associated ourmia-like virus 17",1
"Botourmiaviridae","Plasmopara viticola lesion associated ourmia-like virus 26",1
"Botourmiaviridae","Plasmopara viticola lesion associated ourmia-like virus 40",1
"Botourmiaviridae","Plasmopara viticola lesion associated ourmia-like virus 46",1
"Botourmiaviridae","Plasmopara viticola lesion associated ourmia-like virus 49",1
"Botourmiaviridae","Plasmopara viticola lesion associated ourmia-like virus 5",1
"Botourmiaviridae","Plasmopara viticola lesion associated ourmia-like virus 51",1
"Botourmiaviridae","Plasmopara viticola lesion associated ourmia-like virus 61",2
"Botourmiaviridae","Plasmopara viticola lesion associated ourmia-like virus 64",2
"Botourmiaviridae","Plasmopara viticola lesion associated ourmia-like virus 7",2
"Botourmiaviridae","Plasmopara viticola lesion associated ourmia-like virus 72",1
"Botourmiaviridae","Plasmopara viticola lesion associated ourmia-like virus 76",2
"Botourmiaviridae","Plasmopara viticola lesion associated ourmia-like virus 77",1
"Botourmiaviridae","Plasmopara viticola lesion associated ourmia-like virus 80",1
"Botourmiaviridae","Plasmopara viticola lesion associated ourmia-like virus 88",1
"Botourmiaviridae","Pyricularia oryzae ourmia-like virus 1",2
"Bromoviridae","Ageratum latent virus 1998",2
"Bromoviridae","Alfalfa mosaic virus",4
"Bromoviridae","Blueberry shock virus",2
"Bromoviridae","Cucumber mosaic virus",1
"Bromoviridae","Gayfeather mild mottle virus",2
"Bromoviridae","Grapevine line pattern virus",2
"Bromoviridae","Humulus japonicus latent virus",2
"Bromoviridae","Parietaria mottle virus",1
"Caliciviridae","Atlantic salmon calicivirus",10
"Caliciviridae","Bat sapovirus",6
"Caliciviridae","Bat sapovirus TLC58/HK",3
"Caliciviridae","Calicivirus pig/AB90/CAN",1
"Caliciviridae","Cowden I virus",10
"Caliciviridae","Feline calicivirus",1
"Caliciviridae","Norovirus GII.2",1
"Caliciviridae","Norovirus GII/Hu/JP/2007/GII.P15_GII.15/Sapporo/HK299",1
"Caliciviridae","Rabbit hemorrhagic disease virus",1
"Caliciviridae","Rabbit vesivirus",3
"Caliciviridae","Sapovirus Hu/GI/Sapporo/MT-2010/1982",1
"Caliciviridae","Sapovirus Hu/Nagoya/NGY-1/2012/JPN",1
"Caliciviridae","Sapovirus Mc10",1
"Caliciviridae","Turkey calicivirus",2
"Chrysoviridae","Penicillium chrysogenum virus",3
"Chuviridae","Hardyhead chuvirus",1
"Chuviridae","Lonestar tick chuvirus 1",1
"Chuviridae","Mivirus sp.",1
"Chuviridae","Periplaneta americana mononega-like virus",1
"Chuviridae","Tacheng Tick Virus 4",1
"Closteroviridae","Beet pseudoyellows virus",2
"Closteroviridae","Beet yellows virus",1
"Closteroviridae","Rose leaf rosette-associated virus",1
"Coronaviridae","Alphacoronavirus sp.",8
"Coronaviridae","Bat coronavirus 1A",3
"Coronaviridae","Beluga whale coronavirus SW1",1
"Coronaviridae","BtRf-AlphaCoV/YN2012",2
"Coronaviridae","Infectious bronchitis virus",2
"Coronaviridae","Miniopterus bat coronavirus HKU8",2
"Coronaviridae","Munia coronavirus HKU13-3514",1
"Coronaviridae","NL63-related bat coronavirus",2
"Coronaviridae","Severe acute respiratory syndrome coronavirus 2",38
"Coronaviridae","Tylonycteris bat coronavirus HKU4",1
"Cruliviridae","European shore crab virus 1",1
"Deltaflexiviridae","Soybean leaf-associated mycoflexivirus 1",1
"Dicistroviridae","Acute bee paralysis virus",2
"Dicistroviridae","Anopheles C virus",4
"Dicistroviridae","Aphid lethal paralysis virus",6
"Dicistroviridae","Apis dicistrovirus",5
"Dicistroviridae","Bivalve RNA virus G1",2
"Dicistroviridae","Bivalve RNA virus G5",1
"Dicistroviridae","Cricket paralysis virus",11
"Dicistroviridae","Drosophila C virus",1
"Dicistroviridae","Formica exsecta virus 1",4
"Dicistroviridae","Goose dicistrovirus",1
"Dicistroviridae","Himetobi P virus",4
"Dicistroviridae","Homalodisca coagulata virus 1",1
"Dicistroviridae","Mosquito dicistrovirus",1
"Dicistroviridae","Rhopalosiphum padi virus",2
"Dicistroviridae","Solenopsis invicta virus 1",5
"Dicistroviridae","Solenopsis invicta virus 6",1
"Dicistroviridae","Triatoma virus",1
"Discoviridae","Penicillium discovirus",13
"Discoviridae","Penicillium roseopurpureum negative ssRNA virus 1",1
"Discoviridae","Plasmopara viticola lesion associated mycobunyavirales-like virus 4",1
"Duinviridae","Acinetobacter phage AP205",5
"Duinviridae","ssRNA phage SRR5995670_1",11
"Duinviridae","ssRNA phage SRR6960509_4",13
"Duinviridae","ssRNA phage SRR6960803_4",10
"Duinviridae","ssRNA phage SRR7976325_5",14
"Endornaviridae","Ceratobasidium endornavirus D",2
"Endornaviridae","Erysiphe cichoracearum alphaendornavirus",1
"Endornaviridae","Helianthus annuus alphaendornavirus",2
"Endornaviridae","Oryza sativa alphaendornavirus",1
"Endornaviridae","Persea americana alphaendornavirus 1",1
"Endornaviridae","Rhizoctonia cerealis alphaendornavirus 1",2
"Endornaviridae","Sclerotinia minor endornavirus 1",4
"Fiersviridae","Enterobacteria phage Hgal1",2
"Fiersviridae","Enterobacteria phage SP",3
"Fiersviridae","Escherichia phage MS2",2
"Fiersviridae","Escherichia phage Qbeta",3
"Fiersviridae","Leviviridae sp.",30
"Fiersviridae","Pseudomonas phage PP7",1
"Fiersviridae","Pseudomonas phage PRR1",3
"Fiersviridae","ssRNA phage AIN000",1
"Fiersviridae","ssRNA phage AVE019",5
"Fiersviridae","ssRNA phage EMS014",1
"Fiersviridae","ssRNA phage ESE007",5
"Fiersviridae","ssRNA phage ESE019",1
"Fiersviridae","ssRNA phage Esthiorhiza.1_10",1
"Fiersviridae","ssRNA phage Esthiorhiza.1_13",3
"Fiersviridae","ssRNA phage Esthiorhiza.2_3",1
"Fiersviridae","ssRNA phage Esthiorhiza.2_30",6
"Fiersviridae","ssRNA phage Esthiorhiza.2_36",1
"Fiersviridae","ssRNA phage Esthiorhiza.2_51",1
"Fiersviridae","ssRNA phage Esthiorhiza.4_10",13
"Fiersviridae","ssRNA phage Esthiorhiza.4_3",4
"Fiersviridae","ssRNA phage Gephyllon.1_10",5
"Fiersviridae","ssRNA phage Gephyllon.1_22",1
"Fiersviridae","ssRNA phage Gephyllon.2_12",1
"Fiersviridae","ssRNA phage Gephyllon.3_11",1
"Fiersviridae","ssRNA phage Gephyllon.3_12",2
"Fiersviridae","ssRNA phage Gephyllon.3_4",2
"Fiersviridae","ssRNA phage Gephyllon.3_5",4
"Fiersviridae","ssRNA phage Gephyllon.4_21",1
"Fiersviridae","ssRNA phage Gerhypos.1_29",1
"Fiersviridae","ssRNA phage Gerhypos.1_43",17
"Fiersviridae","ssRNA phage Gerhypos.1_49",3
"Fiersviridae","ssRNA phage Gerhypos.2_12",2
"Fiersviridae","ssRNA phage Gerhypos.2_2",2
"Fiersviridae","ssRNA phage Gerhypos.2_26",1
"Fiersviridae","ssRNA phage Gerhypos.3_19",2
"Fiersviridae","ssRNA phage Gerhypos.3_9",2
"Fiersviridae","ssRNA phage Gerhypos.4_13",1
"Fiersviridae","ssRNA phage Gerhypos.4_67",5
"Fiersviridae","ssRNA phage SRR5208570_1",2
"Fiersviridae","ssRNA phage SRR5466338_1",4
"Fiersviridae","ssRNA phage SRR5466364_3",2
"Fiersviridae","ssRNA phage SRR5466364_4",1
"Fiersviridae","ssRNA phage SRR5466725_10",1
"Fiersviridae","ssRNA phage SRR5466725_12",1
"Fiersviridae","ssRNA phage SRR5466725_16",2
"Fiersviridae","ssRNA phage SRR5466725_17",3
"Fiersviridae","ssRNA phage SRR5466725_9",1
"Fiersviridae","ssRNA phage SRR5466727_1",2
"Fiersviridae","ssRNA phage SRR5466727_3",2
"Fiersviridae","ssRNA phage SRR5466728_3",2
"Fiersviridae","ssRNA phage SRR5467091_6",1
"Fiersviridae","ssRNA phage SRR5467091_7",1
"Fiersviridae","ssRNA phage SRR5467091_8",2
"Fiersviridae","ssRNA phage SRR6050738_2",3
"Fiersviridae","ssRNA phage SRR6050738_3",10
"Fiersviridae","ssRNA phage SRR6255733_2",2
"Fiersviridae","ssRNA phage SRR6255746_4",1
"Fiersviridae","ssRNA phage SRR6960507_3",3
"Fiersviridae","ssRNA phage SRR6960507_8",2
"Fiersviridae","ssRNA phage SRR6960509_8",1
"Fiersviridae","ssRNA phage SRR6960540_1",3
"Fiersviridae","ssRNA phage SRR6960549_3",2
"Fiersviridae","ssRNA phage SRR6960551_10",3
"Fiersviridae","ssRNA phage SRR6960551_9",4
"Fiersviridae","ssRNA phage SRR6960799_16",2
"Fiersviridae","ssRNA phage SRR6960799_20",2
"Fiersviridae","ssRNA phage SRR6960799_23",1
"Fiersviridae","ssRNA phage SRR6960799_24",2
"Fiersviridae","ssRNA phage SRR6960799_25",6
"Fiersviridae","ssRNA phage SRR6960799_27",1
"Fiersviridae","ssRNA phage SRR6960799_8",3
"Fiersviridae","ssRNA phage SRR6960803_10",1
"Fiersviridae","ssRNA phage SRR6960803_13",7
"Fiersviridae","ssRNA phage SRR6960803_5",2
"Fiersviridae","ssRNA phage SRR6960803_6",2
"Fiersviridae","ssRNA phage SRR7473382_2",1
"Fiersviridae","ssRNA phage SRR7473382_3",4
"Fiersviridae","ssRNA phage SRR7687334_1",3
"Fiersviridae","ssRNA phage SRR7976299_11",1
"Fiersviridae","ssRNA phage SRR7976299_6",1
"Fiersviridae","ssRNA phage SRR7976299_7",2
"Fiersviridae","ssRNA phage SRR7976299_8",2
"Fiersviridae","ssRNA phage SRR7976300_6",3
"Fiersviridae","ssRNA phage SRR7976301_4",1
"Fiersviridae","ssRNA phage SRR7976301_5",5
"Fiersviridae","ssRNA phage SRR7976301_6",3
"Fiersviridae","ssRNA phage SRR7976301_8",1
"Fiersviridae","ssRNA phage SRR7976310_12",1
"Fiersviridae","ssRNA phage SRR7976310_6",7
"Fiersviridae","ssRNA phage SRR7976310_7",1
"Fiersviridae","ssRNA phage SRR7976323_3",3
"Fiersviridae","ssRNA phage SRR7976325_12",3
"Fiersviridae","ssRNA phage SRR7976325_21",2
"Fiersviridae","ssRNA phage SRR7976325_9",2
"Fiersviridae","ssRNA phage SRR7976326_3",3
"Fiersviridae","ssRNA phage SRR7976326_4",1
"Fiersviridae","ssRNA phage SRR7976327_1",2
"Fiersviridae","ssRNA phage SRR7976356_5",7
"Fiersviridae","ssRNA phage SRR7976357_6",2
"Fiersviridae","ssRNA phage SRR7976357_8",2
"Fiersviridae","ssRNA phage SRR7976357_9",1
"Fiersviridae","ssRNA phage Zoerhiza.1_16",1
"Fiersviridae","ssRNA phage Zoerhiza.1_26",1
"Fiersviridae","ssRNA phage Zoerhiza.1_35",2
"Fiersviridae","ssRNA phage Zoerhiza.2_28",1
"Fiersviridae","ssRNA phage Zoerhiza.2_29",1
"Fimoviridae","Chrysanthemum mosaic-associated virus",2
"Fimoviridae","Palo verde broom virus",1
"Flaviviridae","Atypical porcine pestivirus 1",10
"Flaviviridae","Bat pestivirus BtSk-PestV-1/GX2017",1
"Flaviviridae","Border disease virus",4
"Flaviviridae","Bovine hepacivirus",4
"Flaviviridae","Bovine viral diarrhea virus 1",3
"Flaviviridae","Bovine viral diarrhea virus 1-SD1",18
"Flaviviridae","Bovine viral diarrhea virus 2",12
"Flaviviridae","Classical swine fever virus",2
"Flaviviridae","Classical swine fever virus - Alfort/187",14
"Flaviviridae","Dongyang pangolin virus",5
"Flaviviridae","GB virus C",1
"Flaviviridae","GB virus-B",3
"Flaviviridae","Guereza hepacivirus",8
"Flaviviridae","Hepacivirus P",6
"Flaviviridae","Hepacivirus bovis",3
"Flaviviridae","Hepacivirus glareoli",50
"Flaviviridae","Hepacivirus myodae",3
"Flaviviridae","Hepacivirus rhabdomysis",11
"Flaviviridae","Norway rat hepacivirus 2",1
"Flaviviridae","Norway rat pegivirus",1
"Flaviviridae","Pegivirus platyrrhini",2
"Flaviviridae","Pegivirus scotophili",1
"Flaviviridae","Porcine pestivirus 1",2
"Flaviviridae","Porcine pestivirus isolate Bungowannah",1
"Flaviviridae","Rodent hepacivirus",2
"Flaviviridae","Rodent pegivirus",3
"Flaviviridae","Simian pegivirus",1
"Flaviviridae","Theiler's disease-associated virus",1
"Flaviviridae","Zika virus",4
"Fusariviridae","Neofusicoccum luteum fusarivirus 1",1
"Fusariviridae","Sclerotium rolfsii fusarivirus 1",1
"Gammaflexiviridae","Entoleuca gammaflexivirus 2",2
"Gammaflexiviridae","Pistacia-associated flexivirus 1",1
"Hantaviridae","Lena virus",11
"Hantaviridae","Orthohantavirus asikkalaense",1
"Hantaviridae","Orthohantavirus sinnombreense",2
"Hantaviridae","Xuan son virus",1
"Hepeviridae","Bat hepatitis E virus",3
"Hepeviridae","Chirohepevirus eptesici",5
"Hepeviridae","Cutthroat trout virus",2
"Hepeviridae","Hepatitis E virus",1
"Hepeviridae","Hepatitis E virus rat/R63/DEU/2009",2
"Hepeviridae","Paslahepevirus balayani",29
"Hepeviridae","Rana hepevirus",4
"Hepeviridae","Rocahepevirus ratti",3
"Hypoviridae","Agaricus bisporus virus 2",1
"Hypoviridae","Cryphonectria hypovirus 2",2
"Hypoviridae","Sclerotium rolfsii hypovirus 7",1
"Iflaviridae","Antheraea pernyi iflavirus",1
"Iflaviridae","Bombyx mori iflavirus",1
"Iflaviridae","Brevicoryne brassicae virus - UK",1
"Iflaviridae","Culex Iflavi-like virus 4",1
"Iflaviridae","Deformed wing virus",8
"Iflaviridae","Graminella nigrifrons virus 1",23
"Iflaviridae","Heliconius erato iflavirus",2
"Iflaviridae","Helicoverpa armigera iflavirus",1
"Iflaviridae","Infectious flacherie virus",1
"Iflaviridae","La Jolla virus",1
"Iflaviridae","Laodelphax striatellus picorna-like virus 2",1
"Iflaviridae","Nilaparvata lugens honeydew virus 1",4
"Iflaviridae","Opsiphanes invirae iflavirus 1",1
"Iflaviridae","Sacbrood virus",5
"Iflaviridae","Slow bee paralysis virus",2
"Iflaviridae","Varroa destructor virus 1",1
"Iflaviridae","Yongsan iflavirus 1",5
"Lispiviridae","Arlivirus sp. virus",2
"Lispiviridae","Hangzhou cletus punctiger lispivirus 1",2
"Lispiviridae","Jimsystermes virus",2
"Lispiviridae","Lishi Spider Virus 2",1
"Marnaviridae","Bat dicibavirus",6
"Marnaviridae","Chaetoceros species RNA virus 02",4
"Marnaviridae","Chaetoceros tenuissimus RNA virus type II",4
"Marnaviridae","Heterosigma akashiwo RNA virus",1
"Marnaviridae","Marine RNA virus BC-2",2
"Marnaviridae","Marine RNA virus BC-3",1
"Marnaviridae","Marine RNA virus JP-A",8
"Marnaviridae","Marine RNA virus JP-B",5
"Marnaviridae","Marine RNA virus PAL156",2
"Marnaviridae","Marine RNA virus SF-1",8
"Marnaviridae","Marine RNA virus SF-2",9
"Marnaviridae","Marine RNA virus SF-3",4
"Mesoniviridae","Yichang virus",2
"Mitoviridae","Alternaria arborescens mitovirus 1",3
"Mitoviridae","Alternaria brassicicola mitovirus",1
"Mitoviridae","Buergenerula spartinae mitovirus 1",1
"Mitoviridae","Ceratobasidium mitovirus 1",2
"Mitoviridae","Ceratobasidium mitovirus A",3
"Mitoviridae","Cronartium ribicola mitovirus 1",2
"Mitoviridae","Cronartium ribicola mitovirus 2",2
"Mitoviridae","Cronartium ribicola mitovirus 4",1
"Mitoviridae","Entomophthora muscae mitovirus 5",1
"Mitoviridae","Entomophthora muscae mitovirus 6",1
"Mitoviridae","Entomophthora muscae mitovirus 8",1
"Mitoviridae","Fusarium boothii mitovirus 1",1
"Mitoviridae","Fusarium oxysporum f. sp. dianthi mitovirus 1",2
"Mitoviridae","Geopora sumneriana mitovirus 1",1
"Mitoviridae","Gigaspora margarita mitovirus 2",13
"Mitoviridae","Hymenoscyphus fraxineus mitovirus 1",1
"Mitoviridae","Leptosphaeria biglobosa mitovirus 1",1
"Mitoviridae","Ophiostoma mitovirus 1b",1
"Mitoviridae","Ophiostoma mitovirus 3b",2
"Mitoviridae","Ophiostoma mitovirus 4",1
"Mitoviridae","Rhizoctonia mitovirus 1 RS002",1
"Mitoviridae","Rhizoctonia solani mitovirus 25",1
"Mitoviridae","Rhizoctonia solani mitovirus 34",1
"Mitoviridae","Rhizophagus irregularis mitovirus 1",1
"Mitoviridae","Sclerotinia sclerotiorum mitovirus 1",1
"Mitoviridae","Tuber excavatum mitovirus",1
"Mymonaviridae","Plasmopara viticola lesion associated mononega virus 2",2
"Narnaviridae","Blechmonas luni narnavirus 1",1
"Narnaviridae","Fusarium poae narnavirus 1",1
"Narnaviridae","Saccharomyces 20S RNA narnavirus",3
"Nodaviridae","Barfin flounder nervous necrosis virus",1
"Nodaviridae","Boolarra virus",2
"Nodaviridae","Flock House virus",2
"Nodaviridae","Le Blanc nodavirus",1
"Nodaviridae","Nodamura virus",6
"Nodaviridae","Pariacoto virus",1
"Nodaviridae","Redspotted grouper nervous necrosis virus",1
"Non-RNA-viruses","Acanthamoeba polyphaga mimivirus",2
"Non-RNA-viruses","Acanthamoeba polyphaga moumouvirus",2
"Non-RNA-viruses","Acanthocystis turfacea chlorella virus 1",2
"Non-RNA-viruses","Achromobacter phage vB_AchrS_AchV4",1
"Non-RNA-viruses","Acidovorax phage ACP17",2
"Non-RNA-viruses","Acinetobacter phage Ac42",2
"Non-RNA-viruses","Acinetobacter phage Petty",1
"Non-RNA-viruses","Acinetobacter phage YMC13/03/R2096",1
"Non-RNA-viruses","Acinetobacter phage vB_AbaP_Acibel007",1
"Non-RNA-viruses","Acinetobacter phage vB_AbaS_TRS1",1
"Non-RNA-viruses","Adoxophyes honmai entomopoxvirus 'L'",1
"Non-RNA-viruses","Aeromonas phage 65",1
"Non-RNA-viruses","Aeromonas phage AS-zj",1
"Non-RNA-viruses","Aeromonas phage LAh_7",1
"Non-RNA-viruses","Aeromonas phage pAEv1810",4
"Non-RNA-viruses","African swine fever virus",2
"Non-RNA-viruses","Agrobacterium phage Atu_ph08",1
"Non-RNA-viruses","Agrotis segetum granulovirus",2
"Non-RNA-viruses","Alphaproteobacteria phage PhiJL001",1
"Non-RNA-viruses","Alteromonas phage vB_AcoS-R7M",3
"Non-RNA-viruses","Amsacta moorei entomopoxvirus",1
"Non-RNA-viruses","Anatid alphaherpesvirus 1",1
"Non-RNA-viruses","Antheraea pernyi nucleopolyhedrovirus",1
"Non-RNA-viruses","Anticarsia gemmatalis multiple nucleopolyhedrovirus",1
"Non-RNA-viruses","Aotine betaherpesvirus 1",1
"Non-RNA-viruses","Arthrobacter phage Amigo",1
"Non-RNA-viruses","Arthrobacter phage Andrew",2
"Non-RNA-viruses","Arthrobacter phage Elesar",1
"Non-RNA-viruses","Arthrobacter phage PrincessTrina",1
"Non-RNA-viruses","Asian grey shrew hepatitis B virus",1
"Non-RNA-viruses","Aureococcus anophagefferens virus",3
"Non-RNA-viruses","Bacillus phage BM15",1
"Non-RNA-viruses","Bacillus phage Belinda",1
"Non-RNA-viruses","Bacillus phage Eyuki",1
"Non-RNA-viruses","Bacillus phage G",11
"Non-RNA-viruses","Bacillus phage Izhevsk",1
"Non-RNA-viruses","Bacillus phage Kirov",2
"Non-RNA-viruses","Bacillus phage Moonbeam",1
"Non-RNA-viruses","Bacillus phage phiNIT1",1
"Non-RNA-viruses","Bacillus phage vB_BanS_Chewbecca",1
"Non-RNA-viruses","Bacteroides phage DAC15",2
"Non-RNA-viruses","BeAn 58058 virus",5
"Non-RNA-viruses","Bean leaf crumple virus",2
"Non-RNA-viruses","Betabaculovirus altermyunipunctae",1
"Non-RNA-viruses","Betapolyomavirus callosciuri",2
"Non-RNA-viruses","Bodo saltans virus",5
"Non-RNA-viruses","Bos taurus papillomavirus 20",9
"Non-RNA-viruses","Brazilian marseillevirus",2
"Non-RNA-viruses","Brevibacillus phage Sundance",1
"Non-RNA-viruses","Bufonid herpesvirus 1",1
"Non-RNA-viruses","Burkholderia phage Bcep176",2
"Non-RNA-viruses","Burkholderia phage BcepSaruman",1
"Non-RNA-viruses","Cafeteria roenbergensis virus BV-PW1",2
"Non-RNA-viruses","Campylobacter phage CP21",1
"Non-RNA-viruses","Caprine arthritis encephalitis virus",1
"Non-RNA-viruses","Caulobacter phage CcrBL9",2
"Non-RNA-viruses","Caviid betaherpesvirus 2",1
"Non-RNA-viruses","Cellulophaga phage phi14:2",2
"Non-RNA-viruses","Choristoneura fumiferana granulovirus",1
"Non-RNA-viruses","Chrysochromulina ericina virus",6
"Non-RNA-viruses","Citrobacter phage Moon",1
"Non-RNA-viruses","Clostridium phage c-st",1
"Non-RNA-viruses","Clostridium phage phiCT453A",1
"Non-RNA-viruses","Columbid alphaherpesvirus 1",1
"Non-RNA-viruses","Cotonvirus japonicus",6
"Non-RNA-viruses","Cricetid gammaherpesvirus 2",1
"Non-RNA-viruses","Cronobacter phage S13",1
"Non-RNA-viruses","Cyanophage P-SSP2",2
"Non-RNA-viruses","Cyanophage P-TIM40",1
"Non-RNA-viruses","Cyclophragma undans nucleopolyhedrovirus",1
"Non-RNA-viruses","Cyprinid herpesvirus 1",5
"Non-RNA-viruses","Cyprinid herpesvirus 3",1
"Non-RNA-viruses","Deerpox virus W-848-83",2
"Non-RNA-viruses","Delftia phage PhiW-14",1
"Non-RNA-viruses","Dickeya phage vB-DsoM-LIMEstone1",1
"Non-RNA-viruses","Dickeya phage vB_DsoM_JA29",1
"Non-RNA-viruses","Ectocarpus siliculosus virus 1",1
"Non-RNA-viruses","Ectropis obliqua nucleopolyhedrovirus",2
"Non-RNA-viruses","Edwardsiella phage PEi21",3
"Non-RNA-viruses","Eidolon helvum papillomavirus 1",1
"Non-RNA-viruses","Elephant endotheliotropic herpesvirus 5",1
"Non-RNA-viruses","Emiliania huxleyi virus 86",4
"Non-RNA-viruses","Enterobacteria phage HK620",1
"Non-RNA-viruses","Epsilonpapillomavirus 1",1
"Non-RNA-viruses","Equid gammaherpesvirus 5",1
"Non-RNA-viruses","Equine foamy virus",1
"Non-RNA-viruses","Erwinia phage AH04",1
"Non-RNA-viruses","Erwinia phage Cronus",1
"Non-RNA-viruses","Erwinia phage ENT90",2
"Non-RNA-viruses","Erwinia phage Wellington",6
"Non-RNA-viruses","Erwinia phage pEa_SNUABM_30",11
"Non-RNA-viruses","Erwinia phage pEa_SNUABM_7",4
"Non-RNA-viruses","Erwinia phage phiEa21-4",3
"Non-RNA-viruses","Erwinia phage phiEaH2",1
"Non-RNA-viruses","Erwinia phage vB_EamM_Asesino",2
"Non-RNA-viruses","Erwinia phage vB_EamM_Caitlin",1
"Non-RNA-viruses","Erwinia phage vB_EamM_Huxley",1
"Non-RNA-viruses","Erwinia phage vB_EamM_Kwan",2
"Non-RNA-viruses","Erwinia phage vB_EamM_RisingSun",1
"Non-RNA-viruses","Erwinia phage vB_EamM_Y3",1
"Non-RNA-viruses","Escherichia phage 121Q",2
"Non-RNA-viruses","Escherichia phage D6",2
"Non-RNA-viruses","Escherichia phage EcoDS1",1
"Non-RNA-viruses","Escherichia phage Eps7",1
"Non-RNA-viruses","Escherichia phage P1",1
"Non-RNA-viruses","Escherichia phage PTXU04",1
"Non-RNA-viruses","Escherichia phage RB16",1
"Non-RNA-viruses","Escherichia phage RB69",1
"Non-RNA-viruses","Escherichia phage phAPEC8",9
"Non-RNA-viruses","Escherichia phage phi G17",1
"Non-RNA-viruses","Escherichia phage pro483",2
"Non-RNA-viruses","Escherichia phage tuntematon",1
"Non-RNA-viruses","Escherichia phage vB_EcoP_G7C",1
"Non-RNA-viruses","Fadolivirus algeromassiliense",28
"Non-RNA-viruses","Falconid herpesvirus 1",3
"Non-RNA-viruses","Feldmannia species virus",1
"Non-RNA-viruses","Flavobacterium phage 6H",1
"Non-RNA-viruses","Flavobacterium phage FCV-1",1
"Non-RNA-viruses","Flavobacterium phage vB_FspM_immuto_2-6A",5
"Non-RNA-viruses","Goose parvovirus",13
"Non-RNA-viruses","Gordonia phage Bowser",1
"Non-RNA-viruses","Gordonia phage BoyNamedSue",2
"Non-RNA-viruses","Gordonia phage Forza",48
"Non-RNA-viruses","Gordonia phage Fryberger",4
"Non-RNA-viruses","Gordonia phage GMA2",6
"Non-RNA-viruses","Gordonia phage GMA4",1
"Non-RNA-viruses","Gordonia phage GMA7",1
"Non-RNA-viruses","Gordonia phage Kudefre",1
"Non-RNA-viruses","Gordonia phage Obliviate",1
"Non-RNA-viruses","Gordonia phage Octobien14",2
"Non-RNA-viruses","Gordonia phage Phendrix",3
"Non-RNA-viruses","Gordonia phage Sixama",24
"Non-RNA-viruses","Gordonia phage Tanis",3
"Non-RNA-viruses","Gordonia phage VanLee",3
"Non-RNA-viruses","Gordonia phage Vine",1
"Non-RNA-viruses","Halocynthia phage JM-2012",1
"Non-RNA-viruses","Halogranum tailed virus 1",1
"Non-RNA-viruses","Halorubrum tailed phage 7",1
"Non-RNA-viruses","Halovirus HCTV-5",1
"Non-RNA-viruses","Helicoverpa armigera granulovirus",2
"Non-RNA-viruses","Heterosigma akashiwo virus 01",1
"Non-RNA-viruses","Human betaherpesvirus 6B",1
"Non-RNA-viruses","Human betaherpesvirus 7",1
"Non-RNA-viruses","Human bocavirus 2c PK",16
"Non-RNA-viruses","Human papillomavirus 4",1
"Non-RNA-viruses","Hyphantria cunea granulovirus",3
"Non-RNA-viruses","Infectious spleen and kidney necrosis virus",16
"Non-RNA-viruses","Invertebrate iridescent virus 22",4
"Non-RNA-viruses","Jaagsiekte sheep retrovirus",4
"Non-RNA-viruses","Klebsiella phage AltoGao",1
"Non-RNA-viruses","Klebsiella phage Miami",1
"Non-RNA-viruses","Klebsiella phage N1M2",1
"Non-RNA-viruses","Lactobacillus phage KC5a",1
"Non-RNA-viruses","Lactobacillus phage LP65",1
"Non-RNA-viruses","Lactobacillus phage Lpa804",2
"Non-RNA-viruses","Lactococcus phage 05601",1
"Non-RNA-viruses","Lactococcus phage KSY1",1
"Non-RNA-viruses","Lactococcus phage WRP3",1
"Non-RNA-viruses","Lymphocystis disease virus 4",162
"Non-RNA-viruses","Lymphocystis disease virus Sa",157
"Non-RNA-viruses","Macaca fuscata rhadinovirus",3
"Non-RNA-viruses","Maribacter phage Colly_1",1
"Non-RNA-viruses","Megavirus baoshan",3
"Non-RNA-viruses","Megavirus chiliensis",3
"Non-RNA-viruses","Melanoplus sanguinipes entomopoxvirus",2
"Non-RNA-viruses","Melbournevirus",3
"Non-RNA-viruses","Mesorhizobium phage vB_MloP_Lo5R7ANS",2
"Non-RNA-viruses","Methanoculleus virus L4768",1
"Non-RNA-viruses","Methanophagales virus PBV299",1
"Non-RNA-viruses","Microbacterium phage Araxxi",1
"Non-RNA-viruses","Microbacterium phage Elva",1
"Non-RNA-viruses","Microbacterium phage Footloose",1
"Non-RNA-viruses","Microbacterium phage Goodman",1
"Non-RNA-viruses","Microbacterium phage PoRanda",1
"Non-RNA-viruses","Microbacterium phage Shocker",1
"Non-RNA-viruses","Miniopterus schreibersii papillomavirus 1",1
"Non-RNA-viruses","Molluscum contagiosum virus subtype 1",1
"Non-RNA-viruses","Morganella phage vB_MmoM_MP1",5
"Non-RNA-viruses","Moumouvirus australiensis",5
"Non-RNA-viruses","Moumouvirus goulette",3
"Non-RNA-viruses","Mouse mammary tumor virus",1
"Non-RNA-viruses","Murine adenovirus 3",1
"Non-RNA-viruses","Mycobacterium phage 244",1
"Non-RNA-viruses","Mycobacterium phage Cuke",1
"Non-RNA-viruses","Mycobacterium phage Henu3",2
"Non-RNA-viruses","Mycobacterium phage Konstantine",2
"Non-RNA-viruses","Mycobacterium phage Lockley",14
"Non-RNA-viruses","Mycobacterium phage Phabba",13
"Non-RNA-viruses","Mycobacterium phage Phrappuccino",1
"Non-RNA-viruses","Mycobacterium phage Snenia",3
"Non-RNA-viruses","Mycobacterium phage Stinger",1
"Non-RNA-viruses","Mycobacterium phage Tourach",1
"Non-RNA-viruses","Mythimna unipuncta nucleopolyhedrovirus",1
"Non-RNA-viruses","Neodiprion lecontei nucleopolyhedrovirus",3
"Non-RNA-viruses","Olleya phage Harreka_1",1
"Non-RNA-viruses","Orgyia leucostigma nucleopolyhedrovirus",1
"Non-RNA-viruses","Orpheovirus IHUMI-LCC2",1
"Non-RNA-viruses","Ovine enzootic nasal tumor virus",5
"Non-RNA-viruses","Paenibacillus phage Yyerffej",11
"Non-RNA-viruses","Panine betaherpesvirus 2",1
"Non-RNA-viruses","Pantoea phage LIMEzero",4
"Non-RNA-viruses","Pantoea phage vB_PagS_Vid5",1
"Non-RNA-viruses","Paper mulberry leaf curling associated virus 1",1
"Non-RNA-viruses","Parabacteroides phage YZ-2015b",5
"Non-RNA-viruses","Paramecium bursaria Chlorella virus 1",1
"Non-RNA-viruses","Paramecium bursaria Chlorella virus CVA-1",1
"Non-RNA-viruses","Paramecium bursaria Chlorella virus FR483",2
"Non-RNA-viruses","Parvoviridae sp.",1
"Non-RNA-viruses","Pasteurella phage PHB01",1
"Non-RNA-viruses","Pasteurella phage vB_PmuP_PHB02",1
"Non-RNA-viruses","Pectobacterium phage PP16",1
"Non-RNA-viruses","Pectobacterium phage Possum",2
"Non-RNA-viruses","Pelagibacter phage HTVC008M",1
"Non-RNA-viruses","Peridroma alphabaculovirus",1
"Non-RNA-viruses","Phaeocystis globosa virus",3
"Non-RNA-viruses","Phthorimaea operculella granulovirus",1
"Non-RNA-viruses","Powai lake megavirus",2
"Non-RNA-viruses","Prochlorococcus phage P-HM2",3
"Non-RNA-viruses","Prochlorococcus phage P-RSM4",1
"Non-RNA-viruses","Prochlorococcus phage P-SSM2",2
"Non-RNA-viruses","Prochlorococcus phage P-SSM4",2
"Non-RNA-viruses","Propionibacterium phage PFR1",1
"Non-RNA-viruses","Propionibacterium phage PHL116M00",1
"Non-RNA-viruses","Proteus phage Myduc",1
"Non-RNA-viruses","Proteus phage Saba",197
"Non-RNA-viruses","Pseudoalteromonas phage H101",1
"Non-RNA-viruses","Pseudomonas phage Bf7",2
"Non-RNA-viruses","Pseudomonas phage Bjorn",3
"Non-RNA-viruses","Pseudomonas phage JD18",2
"Non-RNA-viruses","Pseudomonas phage Kremar",1
"Non-RNA-viruses","Pseudomonas phage MPK7",1
"Non-RNA-viruses","Pseudomonas phage Njord",2
"Non-RNA-viruses","Pseudomonas phage OBP",3
"Non-RNA-viruses","Pseudomonas phage PA7",1
"Non-RNA-viruses","Pseudomonas phage PaBG",3
"Non-RNA-viruses","Pseudomonas phage PaMx28",1
"Non-RNA-viruses","Pseudomonas phage PaMx41",2
"Non-RNA-viruses","Pseudomonas phage PspYZU05",4
"Non-RNA-viruses","Pseudomonas phage UMP151",1
"Non-RNA-viruses","Pseudomonas phage UNO-SLW1",1
"Non-RNA-viruses","Pseudomonas phage YMC11/02/R656",2
"Non-RNA-viruses","Pseudomonas phage phi-2",1
"Non-RNA-viruses","Pseudomonas phage phi15",1
"Non-RNA-viruses","Pseudomonas phage phiCTX",1
"Non-RNA-viruses","Pseudomonas phage phiH2",2
"Non-RNA-viruses","Pseudomonas phage tabernarius",2
"Non-RNA-viruses","Pseudomonas phage vB_PaeM_G1",1
"Non-RNA-viruses","Pseudomonas phage vB_PaeS_PAO1_Ab18",1
"Non-RNA-viruses","Pyramimonas orientalis virus",1
"Non-RNA-viruses","Rachiplusia ou multiple nucleopolyhedrovirus",1
"Non-RNA-viruses","Ralstonia phage RP12",1
"Non-RNA-viruses","Ralstonia phage RPSC1",1
"Non-RNA-viruses","Ralstonia phage RSB1",1
"Non-RNA-viruses","Ralstonia phage RSF1",1
"Non-RNA-viruses","Retroperitoneal fibromatosis-associated herpesvirus",1
"Non-RNA-viruses","Rheinheimera phage Barba21A",1
"Non-RNA-viruses","Rhesus macaque simian foamy virus",1
"Non-RNA-viruses","Rhinolophus gammaherpesvirus 1",1
"Non-RNA-viruses","Rhizobium phage RHEph10",1
"Non-RNA-viruses","Rhizobium phage RHph_I1_9",1
"Non-RNA-viruses","Rhodococcus phage ChewyVIII",1
"Non-RNA-viruses","Rodent deltavirus",2
"Non-RNA-viruses","Salinibacter phage M1EM-1",1
"Non-RNA-viruses","Salmonella phage BSP101",4
"Non-RNA-viruses","Salmonella phage Chi",2
"Non-RNA-viruses","Salmonella phage F12013",1
"Non-RNA-viruses","Salmonella phage KM16",12
"Non-RNA-viruses","Salmonella phage PVPSE1",1
"Non-RNA-viruses","Salmonella phage SAP012",1
"Non-RNA-viruses","Salmonella phage bombadil",2
"Non-RNA-viruses","Salmonella phage vB_SenS_ER23",1
"Non-RNA-viruses","Salmonella phage vB_SenTO17",1
"Non-RNA-viruses","Scale drop disease virus",1
"Non-RNA-viruses","Serratia phage PS2",2
"Non-RNA-viruses","Serratia phage Tsm2",2
"Non-RNA-viruses","Sesame yellow mosaic virus",1
"Non-RNA-viruses","Sesavirus CSL10538",1
"Non-RNA-viruses","Shewanella phage X14",1
"Non-RNA-viruses","Shigella phage Ag3",1
"Non-RNA-viruses","Shrimp white spot syndrome virus",1
"Non-RNA-viruses","Sinorhizobium phage PBC5",2
"Non-RNA-viruses","Sinorhizobium phage ort11",2
"Non-RNA-viruses","Spodoptera eridania nucleopolyhedrovirus",1
"Non-RNA-viruses","Spodoptera exigua multiple nucleopolyhedrovirus",2
"Non-RNA-viruses","Spodoptera frugiperda granulovirus",2
"Non-RNA-viruses","Squirrelpox virus",2
"Non-RNA-viruses","Staphylococcus phage 37",4
"Non-RNA-viruses","Staphylococcus phage 6ec",2
"Non-RNA-viruses","Staphylococcus phage CNPx",1
"Non-RNA-viruses","Staphylococcus phage SA137ruMSSAST121PVL",1
"Non-RNA-viruses","Staphylococcus phage SN8",1
"Non-RNA-viruses","Staphylococcus phage StauST398-4",3
"Non-RNA-viruses","Staphylococcus phage phiSA_BS1",5
"Non-RNA-viruses","Stenotrophomonas phage C121",3
"Non-RNA-viruses","Stenotrophomonas phage IME13",4
"Non-RNA-viruses","Stenotrophomonas phage Philippe",1
"Non-RNA-viruses","Stenotrophomonas phage Piffle",2
"Non-RNA-viruses","Streptococcus phage 315.3",1
"Non-RNA-viruses","Streptococcus phage CHPC1230",1
"Non-RNA-viruses","Streptococcus phage CHPC879",1
"Non-RNA-viruses","Streptomyces phage Annadreamy",1
"Non-RNA-viruses","Streptomyces phage BRock",1
"Non-RNA-viruses","Streptomyces phage Caliburn",1
"Non-RNA-viruses","Streptomyces phage Evy",16
"Non-RNA-viruses","Streptomyces phage Scap1",2
"Non-RNA-viruses","Streptomyces phage Success",1
"Non-RNA-viruses","Streptomyces phage Tomas",1
"Non-RNA-viruses","Streptomyces phage VWB",1
"Non-RNA-viruses","Streptomyces phage Wakanda",1
"Non-RNA-viruses","Sulfolobales Mexican rudivirus 1",1
"Non-RNA-viruses","Sweet potato leaf curl Shanghai virus",1
"Non-RNA-viruses","Synechococcus phage S-CBS2",2
"Non-RNA-viruses","Synechococcus phage S-CRM01",1
"Non-RNA-viruses","Synechococcus phage S-RIM2 R1_1999",2
"Non-RNA-viruses","Synechococcus phage S-RSM4",3
"Non-RNA-viruses","Synechococcus phage S-SCSM1",1
"Non-RNA-viruses","Synechococcus phage S-SRM01",1
"Non-RNA-viruses","Synechococcus phage S-ShM2",1
"Non-RNA-viruses","Tenacibaculum phage PTm1",1
"Non-RNA-viruses","Tetraselmis virus 1",1
"Non-RNA-viruses","Tsukamurella phage TIN3",7
"Non-RNA-viruses","Tupanvirus deep ocean",2
"Non-RNA-viruses","Tupanvirus soda lake",3
"Non-RNA-viruses","Variola virus",1
"Non-RNA-viruses","Vibrio phage CHOED",5
"Non-RNA-viruses","Vibrio phage JA-1",1
"Non-RNA-viruses","Vibrio phage JSF10",5
"Non-RNA-viruses","Vibrio phage KVP40",1
"Non-RNA-viruses","Vibrio phage PV94",3
"Non-RNA-viruses","Vibrio phage SHOU24",13
"Non-RNA-viruses","Vibrio phage VH7D",1
"Non-RNA-viruses","Vibrio phage VP5",1
"Non-RNA-viruses","Vibrio phage ValKK3",3
"Non-RNA-viruses","Vibrio phage Vp_R1",1
"Non-RNA-viruses","Vibrio phage VspSw_1",1
"Non-RNA-viruses","Vibrio phage eugene 12A10",1
"Non-RNA-viruses","Volepox virus",2
"Non-RNA-viruses","Xanthomonas citri phage CP2",3
"Non-RNA-viruses","Xanthomonas phage KPhi1",1
"Non-RNA-viruses","Yersinia phage PYps16N",5
"Non-RNA-viruses","Yersinia phage fPS-65",3
"Non-RNA-viruses","Yersinia phage fPS-9",1
"Non-RNA-viruses","Yokapox virus",1
"Non-RNA-viruses","callitrichine gammaherpesvirus 3",3
"Non-RNA-viruses","lymphocystis disease virus-China",80
"Non-RNA-viruses","psittacine adenovirus 7",1
"Non-RNA-viruses","rat cytomegalovirus strain Maastricht",4
"Non-RNA-viruses","simian adenovirus 21",1
"Non-RNA-viruses","uncultured phage MedDCM-OCT-S05-C243",1
"Non-RNA-viruses","uncultured phage cr113_1",1
"Non-RNA-viruses","uncultured phage_MedDCM-OCT-S31-C1",1
"Non-RNA-viruses","uncultured phage_MedDCM-OCT-S45-C4",2
"Olifoviridae","Hainan oligodon formosanus arterivirus",1
"Orthomyxoviridae","Influenza A virus (A/California/07/2009(H1N1))",1
"Orthomyxoviridae","Influenza A virus (A/Hong Kong/1073/99(H9N2))",2
"Orthomyxoviridae","Influenza A virus (A/Korea/426/1968(H2N2))",1
"Orthomyxoviridae","Influenza A virus (A/New York/392/2004(H3N2))",1
"Orthomyxoviridae","Influenza A virus (A/Shanghai/02/2013(H7N9))",1
"Orthomyxoviridae","Influenza A virus (A/goose/Guangdong/1/1996(H5N1))",2
"Orthomyxoviridae","Influenza D virus (D/swine/Oklahoma/1334/2011)",2
"Paramyxoviridae","Bat paramyxovirus",10
"Paramyxoviridae","Beilong virus",1
"Paramyxoviridae","Dolphin morbillivirus",3
"Paramyxoviridae","J virus",1
"Paramyxoviridae","Miniopterus schreibersii paramyxovirus",1
"Paramyxoviridae","Mojiang virus",5
"Paramyxoviridae","Mount Mabu Lophuromys virus 1",6
"Paramyxoviridae","Mount Mabu Lophuromys virus 2",1
"Paramyxoviridae","Peste des petits ruminants virus",1
"Paramyxoviridae","Phocine morbillivirus",9
"Paramyxoviridae","Rinderpest virus (strain Kabete O)",5
"Paramyxoviridae","Tailam virus",1
"Paramyxoviridae","Tupaia paramyxovirus",1
"Paramyxoviridae","bank vole virus 1",1
"Paramyxoviridae","canine distemper virus",6
"Paramyxoviridae","giant squirrel virus",1
"Paramyxoviridae","parainfluenza virus 5",15
"Partitiviridae","Aspergillus fumigatus partitivirus 2",3
"Partitiviridae","Aspergillus ochraceous virus",10
"Partitiviridae","Atkinsonella hypoxylon virus",1
"Partitiviridae","Beet cryptic virus 2",5
"Partitiviridae","Botryotinia fuckeliana partitivirus 1",1
"Partitiviridae","Ceratocystis polonica partitivirus",2
"Partitiviridae","Discula destructiva virus 1",1
"Partitiviridae","Discula destructiva virus 2",2
"Partitiviridae","Fragaria chiloensis cryptic virus",3
"Partitiviridae","Fusarium solani virus 1",8
"Partitiviridae","Gremmeniella abietina RNA virus MS1",6
"Partitiviridae","Medicago sativa alphapartitivirus 1",3
"Partitiviridae","Melon partitivirus",5
"Partitiviridae","Ophiostoma partitivirus 1",3
"Partitiviridae","Penicillium stoloniferum virus F",4
"Partitiviridae","Penicillium stoloniferum virus S",9
"Partitiviridae","Pepper cryptic virus 1",10
"Partitiviridae","Pepper cryptic virus 2",2
"Partitiviridae","Pseudogymnoascus destructans partitivirus-pa",7
"Partitiviridae","Pythium nunn virus 1",6
"Partitiviridae","Raphanus sativus cryptic virus 2",2
"Partitiviridae","Raphanus sativus cryptic virus 3",1
"Partitiviridae","Rose cryptic virus 1",1
"Partitiviridae","Sclerotinia sclerotiorum partitivirus S",2
"Partitiviridae","Sinapis alba cryptic virus 1",1
"Partitiviridae","Ustilaginoidea virens partitivirus 2",23
"Partitiviridae","Verticillium dahliae partitivirus 1",2
"Peribunyaviridae","Baakal virus",1
"Peribunyaviridae","Brazoran virus",1
"Peribunyaviridae","Facey's Paddock virus",1
"Permutotetraviridae","Euprosterna elaeasa virus",2
"Phasmaviridae","Anopheles triannulatus orthophasmavirus",1
"Phasmaviridae","Coleopteran phasma-related virus OKIAV235",1
"Phasmaviridae","Fushun phasmavirus 1",5
"Phasmaviridae","Fushun phasmavirus 2",1
"Phasmaviridae","hymenopteran phasma-related virus OKIAV227",1
"Phenuiviridae","Aphalara polygoni bunya-like virus",2
"Phenuiviridae","Brassica campestris chinensis coguvirus 1",2
"Phenuiviridae","Browner virus",11
"Phenuiviridae","Ceraphron bunya-like virus",1
"Phenuiviridae","Cumuto virus",3
"Phenuiviridae","Grapevine associated cogu-like virus 4",3
"Phenuiviridae","Lone Star virus",2
"Phenuiviridae","Maldonado virus",1
"Phenuiviridae","Massilia virus",6
"Phenuiviridae","Medjerda Valley virus",1
"Phenuiviridae","Narangue virus",6
"Phenuiviridae","Ntepes virus",1
"Phenuiviridae","Salanga virus",1
"Phenuiviridae","Severe fever with thrombocytopenia syndrome virus",2
"Phenuiviridae","Tenuivirus oryzaclavatae",2
"Phenuiviridae","Toyo virus",1
"Phenuiviridae","Watermelon crinkle leaf-associated virus 1",1
"Phenuiviridae","Wenzhou Shrimp Virus 1",2
"Phenuiviridae","Zaliv Terpeniya virus",2
"Picobirnaviridae","Chicken picobirnavirus",35
"Picobirnaviridae","Human picobirnavirus",12
"Picobirnaviridae","Otarine picobirnavirus",90
"Picobirnaviridae","Picobirnavirus Equ3",70
"Picobirnaviridae","Picobirnavirus dog/KNA/2015",46
"Picobirnaviridae","Picobirnavirus green monkey/KNA/2015",41
"Picobirnaviridae","Picobirnavirus sp.",11
"Picobirnaviridae","Porcine picobirnavirus",10
"Picornaviridae","Aichivirus B",1
"Picornaviridae","Bat picornavirus",1
"Picornaviridae","Bat picornavirus 3",1
"Picornaviridae","Bat sapelovirus",2
"Picornaviridae","Bovine picornavirus",4
"Picornaviridae","Chicken orivirus 1",6
"Picornaviridae","Enterovirus SEV-gx",1
"Picornaviridae","Enterovirus goat/JL14",5
"Picornaviridae","Foot-and-mouth disease virus O",2
"Picornaviridae","Mouse kobuvirus M-5/USA/2010",1
"Picornaviridae","Pasivirus A1",18
"Picornaviridae","Porcine enterovirus 9",8
"Picornaviridae","Porcine kobuvirus",3
"Picornaviridae","Porcine kobuvirus swine/S-1-HUN/2007/Hungary",6
"Picornaviridae","Rosavirus B",1
"Picornaviridae","Saffold virus",1
"Picornaviridae","Shanbavirus A",3
"Picornaviridae","Sichuan takin enterovirus",8
"Picornaviridae","Teschovirus A",10
"Picornaviridae","Washington bat picornavirus",1
"Picornaviridae","aalivirus A1",1
"Picornaviridae","aichivirus A1",2
"Picornaviridae","aichivirus E1",9
"Picornaviridae","avisivirus B1",1
"Picornaviridae","fipivirus A1",2
"Picornaviridae","fipivirus C1",4
"Picornaviridae","fipivirus F1",2
"Picornaviridae","hunnivirus A4",3
"Picornaviridae","limnipivirus A1",1
"Picornaviridae","limnipivirus C1",2
"Picornaviridae","porcine sapelovirus 1",4
"Picornaviridae","rohelivirus A1",1
"Picornaviridae","simian sapelovirus 1",4
"Picornaviridae","tottorivirus A1",7
"Picornaviridae","tremovirus A1",1
"Picornaviridae","tremovirus B1",2
"Pneumoviridae","bovine respiratory syncytial virus",1
"Pneumoviridae","human respiratory syncytial virus",2
"Polycipiviridae","Lasius neglectus virus 1",1
"Polycipiviridae","Lasius niger virus 1",2
"Potyviridae","African eggplant mosaic virus",1
"Potyviridae","Alpinia mosaic virus",1
"Potyviridae","Alpinia oxyphylla mosaic virus",4
"Potyviridae","Amomum potyvirus A",3
"Potyviridae","Areca palm necrotic ringspot virus",1
"Potyviridae","Ashitaba mosaic virus",1
"Potyviridae","Blackberry virus Y",1
"Potyviridae","Cassava brown streak virus",3
"Potyviridae","Celery latent virus",2
"Potyviridae","Chilli veinal mottle virus",1
"Potyviridae","Colombian datura virus",1
"Potyviridae","Costus stripe mosaic virus",2
"Potyviridae","Cucumber vein yellowing virus",1
"Potyviridae","Cucurbit vein banding virus",1
"Potyviridae","Daphne virus Y",1
"Potyviridae","Dasheen mosaic virus",1
"Potyviridae","Mirabilis crinkle mosaic virus",1
"Potyviridae","Ornithogalum mosaic virus",1
"Potyviridae","Peru tomato mosaic virus",1
"Potyviridae","Rice necrosis mosaic virus",1
"Potyviridae","Ryegrass mosaic virus",3
"Potyviridae","Watermelon mosaic virus",1
"Potyviridae","Yam chlorotic necrotic mosaic virus",2
"Potyviridae","Zucchini shoestring virus",1
"Potyviridae","Zucchini yellow mosaic virus",3
"Rhabdoviridae","Aksy-Durug Melophagus sigmavirus",2
"Rhabdoviridae","Black currant nucleorhabdovirus 1",1
"Rhabdoviridae","Carajas virus",2
"Rhabdoviridae","Drosophila sturtevanti sigmavirus",4
"Rhabdoviridae","Durham virus",1
"Rhabdoviridae","Ekpoma virus 1",1
"Rhabdoviridae","Ikoma lyssavirus",1
"Rhabdoviridae","Infectious hematopoietic necrosis virus",2
"Rhabdoviridae","La Joya virus",1
"Rhabdoviridae","Lyssavirus mokola",2
"Rhabdoviridae","Muscina stabulans sigmavirus",2
"Rhabdoviridae","Obodhiang virus",1
"Rhabdoviridae","Porcine ephemerovirus 1",1
"Rhabdoviridae","Red clover varicosavirus",1
"Rhabdoviridae","Rhabdoviridae sp.",4
"Rhabdoviridae","Sweetwater Branch virus",4
"Rhabdoviridae","Tacheng Tick Virus 7",4
"Rhabdoviridae","Vesicular stomatitis Alagoas virus",2
"Rhabdoviridae","Vesicular stomatitis Indiana virus",13
"Rhabdoviridae","Wuhan Insect virus 7",1
"Rhabdoviridae","Xinjiang varicosa-like virus",1
"Rhabdoviridae","hymenopteran rhabdo-related virus 38",21
"Roniviridae","Macrobrachium rosenbergii Golda virus",1
"Secoviridae","Actinidia yellowing virus 1",1
"Secoviridae","Arabis mosaic virus",1
"Secoviridae","Broad bean wilt virus 2",2
"Secoviridae","Cherry rasp leaf virus",1
"Secoviridae","Chocolate lily virus A",2
"Secoviridae","Currant latent virus",1
"Secoviridae","Gentian mosaic virus",1
"Secoviridae","Lamium mild mosaic virus",3
"Secoviridae","Motherwort yellow mottle virus",1
"Secoviridae","Peach leaf pitting-associated virus",1
"Secoviridae","Peach rosette mosaic virus",1
"Secoviridae","Petunia chlorotic mottle virus",4
"Secoviridae","Potato virus U",1
"Secoviridae","Prunus virus F",2
"Secoviridae","Tomato torrado virus",1
"Secoviridae","pineapple secovirus B",3
"Sedoreoviridae","Human rotavirus B",3
"Sedoreoviridae","Rotavirus A",6
"Sedoreoviridae","Rotavirus C",15
"Sedoreoviridae","Rotavirus J",2
"Sedoreoviridae","Stretch Lagoon orbivirus",1
"Sinhaliviridae","Lake Sinai Virus SA1",1
"Sinhaliviridae","Lake Sinai virus",1
"Sinhaliviridae","Lake Sinai virus 1",1
"Sinhaliviridae","Lake Sinai virus 2",1
"Solemoviridae","Artemisia virus A",4
"Solemoviridae","Cereal yellow dwarf virus RPS",2
"Solemoviridae","Citrus vein enation virus",3
"Solemoviridae","Cocksfoot mottle virus",1
"Solemoviridae","Cymbidium chlorotic mosaic virus",2
"Solemoviridae","Faba bean polerovirus 1",1
"Solemoviridae","Lucerne transient streak virus",2
"Solemoviridae","Papaya lethal yellowing virus",5
"Solemoviridae","Rottboellia yellow mottle virus",6
"Solemoviridae","Ryegrass mottle virus",7
"Solemoviridae","Sesbania mosaic virus",1
"Solemoviridae","Snake melon asteroid mosaic virus",1
"Solemoviridae","Southern bean mosaic virus",3
"Solemoviridae","Southern cowpea mosaic virus",2
"Solemoviridae","Soybean yellow common mosaic virus",1
"Solemoviridae","Subterranean clover mottle virus",1
"Solemoviridae","Turnip rosette virus",2
"Solemoviridae","Velvet tobacco mottle virus",1
"Solspiviridae","ssRNA phage ESE017",1
"Solspiviridae","ssRNA phage Gephyllon.4_17",2
"Solspiviridae","ssRNA phage SRR5208572_2",1
"Solspiviridae","ssRNA phage SRR5467091_9",1
"Solspiviridae","ssRNA phage SRR6960509_14",1
"Solspiviridae","ssRNA phage SRR6960797_4",1
"Solspiviridae","ssRNA phage SRR6960799_29",32
"Solspiviridae","ssRNA phage SRR7473382_4",1
"Solspiviridae","ssRNA phage SRR7976299_13",1
"Solspiviridae","ssRNA phage SRR7976299_15",1
"Solspiviridae","ssRNA phage SRR7976299_16",2
"Solspiviridae","ssRNA phage Zoerhiza.4_18",5
"Spinareoviridae","Daphnis nerii cypovirus",3
"Spinareoviridae","Fiji disease virus",1
"Spinareoviridae","Maize rough dwarf virus",1
"Spinareoviridae","Mammalian orthoreovirus 3 Dearing",1
"Spinareoviridae","Nilaparvata lugens reovirus",4
"Steitzviridae","ssRNA phage Esthiorhiza.2_21",1
"Steitzviridae","ssRNA phage Esthiorhiza.2_22",1
"Steitzviridae","ssRNA phage Esthiorhiza.4_13",1
"Steitzviridae","ssRNA phage Esthiorhiza.4_5",2
"Steitzviridae","ssRNA phage Gephyllon.3_10",2
"Steitzviridae","ssRNA phage Gephyllon.3_14",1
"Steitzviridae","ssRNA phage Gephyllon.3_18",1
"Steitzviridae","ssRNA phage Gephyllon.3_3",2
"Steitzviridae","ssRNA phage Gephyllon.4_20",1
"Steitzviridae","ssRNA phage Gephyllon.4_9",1
"Steitzviridae","ssRNA phage Gerhypos.1_15",1
"Steitzviridae","ssRNA phage Gerhypos.1_21",4
"Steitzviridae","ssRNA phage Gerhypos.1_24",1
"Steitzviridae","ssRNA phage Gerhypos.1_25",1
"Steitzviridae","ssRNA phage Gerhypos.1_3",1
"Steitzviridae","ssRNA phage Gerhypos.1_30",1
"Steitzviridae","ssRNA phage Gerhypos.1_37",1
"Steitzviridae","ssRNA phage Gerhypos.1_45",1
"Steitzviridae","ssRNA phage Gerhypos.1_47",2
"Steitzviridae","ssRNA phage Gerhypos.1_7",1
"Steitzviridae","ssRNA phage Gerhypos.2_7",3
"Steitzviridae","ssRNA phage Gerhypos.3_12",3
"Steitzviridae","ssRNA phage Gerhypos.3_16",2
"Steitzviridae","ssRNA phage Gerhypos.4_14",2
"Steitzviridae","ssRNA phage Gerhypos.4_25",1
"Steitzviridae","ssRNA phage Gerhypos.4_33",2
"Steitzviridae","ssRNA phage Gerhypos.4_35",3
"Steitzviridae","ssRNA phage Gerhypos.4_42",1
"Steitzviridae","ssRNA phage Gerhypos.4_44",4
"Steitzviridae","ssRNA phage Gerhypos.4_46",1
"Steitzviridae","ssRNA phage Gerhypos.4_47",2
"Steitzviridae","ssRNA phage Gerhypos.4_65",4
"Steitzviridae","ssRNA phage SRR5466337_3",2
"Steitzviridae","ssRNA phage SRR5466338_4",2
"Steitzviridae","ssRNA phage SRR5466725_20",1
"Steitzviridae","ssRNA phage SRR5466727_10",1
"Steitzviridae","ssRNA phage SRR5466727_9",4
"Steitzviridae","ssRNA phage SRR5466728_5",1
"Steitzviridae","ssRNA phage SRR5467090_10",1
"Steitzviridae","ssRNA phage SRR5467090_8",2
"Steitzviridae","ssRNA phage SRR5467091_10",1
"Steitzviridae","ssRNA phage SRR5467091_12",2
"Steitzviridae","ssRNA phage SRR6254353_2",1
"Steitzviridae","ssRNA phage SRR6255733_5",1
"Steitzviridae","ssRNA phage SRR6255746_3",2
"Steitzviridae","ssRNA phage SRR6960509_17",1
"Steitzviridae","ssRNA phage SRR6960549_9",4
"Steitzviridae","ssRNA phage SRR6960799_34",1
"Steitzviridae","ssRNA phage SRR6960799_38",1
"Steitzviridae","ssRNA phage SRR6960799_40",2
"Steitzviridae","ssRNA phage SRR6960802_4",1
"Steitzviridae","ssRNA phage SRR7976301_10",2
"Steitzviridae","ssRNA phage SRR7976301_11",3
"Steitzviridae","ssRNA phage SRR7976310_14",1
"Steitzviridae","ssRNA phage SRR7976310_16",1
"Steitzviridae","ssRNA phage SRR7976310_17",2
"Steitzviridae","ssRNA phage SRR7976326_5",1
"Steitzviridae","ssRNA phage Zoerhiza.1_19",2
"Steitzviridae","ssRNA phage Zoerhiza.1_25",1
"Steitzviridae","ssRNA phage Zoerhiza.1_7",2
"Steitzviridae","ssRNA phage Zoerhiza.1_8",2
"Steitzviridae","ssRNA phage Zoerhiza.2_11",2
"Steitzviridae","ssRNA phage Zoerhiza.2_13",1
"Steitzviridae","ssRNA phage Zoerhiza.2_17",1
"Steitzviridae","ssRNA phage Zoerhiza.2_18",4
"Steitzviridae","ssRNA phage Zoerhiza.2_20",2
"Steitzviridae","ssRNA phage Zoerhiza.2_22",1
"Steitzviridae","ssRNA phage Zoerhiza.2_25",1
"Steitzviridae","ssRNA phage Zoerhiza.2_6",1
"Steitzviridae","ssRNA phage Zoerhiza.4_23",2
"Steitzviridae","ssRNA phage Zoerhiza.4_26",4
"Tobaniviridae","Porcine torovirus",2
"Tobaniviridae","Serpentovirinae sp.",1
"Tobaniviridae","Veiled chameleon serpentovirus A",4
"Tobaniviridae","Xinzhou nematode virus 6",3
"Tobaniviridae","Xinzhou toro-like virus",1
"Togaviridae","Mayaro virus",1
"Tombusviridae","Adonis mosaic virus",1
"Tombusviridae","Apple luteovirus 1",4
"Tombusviridae","Artichoke mottled crinkle virus",1
"Tombusviridae","Barley yellow dwarf virus-kerII",1
"Tombusviridae","Bean leafroll virus",1
"Tombusviridae","Beet black scorch virus",4
"Tombusviridae","Bermuda grass latent virus",3
"Tombusviridae","Cardamine chlorotic fleck virus",2
"Tombusviridae","Carrot mottle mimic virus",6
"Tombusviridae","Carrot mottle virus",3
"Tombusviridae","Cocksfoot mild mosaic virus",2
"Tombusviridae","Cowpea mottle virus",1
"Tombusviridae","Cucumber necrosis virus",1
"Tombusviridae","Culex-associated Tombus-like virus",3
"Tombusviridae","Ethiopian tobacco bushy top virus",2
"Tombusviridae","Furcraea necrotic streak virus",6
"Tombusviridae","Galinsoga mosaic virus",6
"Tombusviridae","Grapevine Algerian latent virus",1
"Tombusviridae","Ixeridium yellow mottle virus 2",1
"Tombusviridae","Japanese iris necrotic ring virus",11
"Tombusviridae","Jasmine mosaic-associated virus 2",1
"Tombusviridae","Jasmine virus H",3
"Tombusviridae","Johnsongrass chlorotic stripe mosaic virus",5
"Tombusviridae","Luteovirus sociomali",5
"Tombusviridae","Maize chlorotic mottle virus",2
"Tombusviridae","Maize necrotic streak virus",1
"Tombusviridae","Maize white line mosaic virus",2
"Tombusviridae","Melon necrotic spot virus",3
"Tombusviridae","Moroccan pepper virus",3
"Tombusviridae","Oat chlorotic stunt virus",5
"Tombusviridae","Olive latent virus 1",2
"Tombusviridae","Olive mild mosaic virus",2
"Tombusviridae","Panicum mosaic virus",1
"Tombusviridae","Patrinia mild mottle virus",1
"Tombusviridae","Pea enation mosaic virus 2",9
"Tombusviridae","Pea stem necrosis virus",2
"Tombusviridae","Pelargonium chlorotic ring pattern virus",3
"Tombusviridae","Potato necrosis virus",3
"Tombusviridae","Red clover necrotic mosaic virus",1
"Tombusviridae","Rosa rugosa leaf distortion virus",5
"Tombusviridae","Soybean yellow mottle mosaic virus",2
"Tombusviridae","Tobacco necrosis virus A",18
"Tombusviridae","Tobacco necrosis virus D",5
"Tombusviridae","Trailing lespedeza virus 1",1
"Tombusviridae","Turnip crinkle virus",3
"Tombusviridae","Yongsan tombus-like virus 1",1
"Tospoviridae","Alstroemeria yellow spot virus",1
"Tospoviridae","Capsicum chlorosis virus",2
"Totiviridae","Aspergillus foetidus slow virus 1",4
"Totiviridae","Australian Anopheles totivirus",1
"Totiviridae","Botryotinia fuckeliana totivirus 1",2
"Totiviridae","Camponotus yamaokai virus",3
"Totiviridae","Chalara elegans RNA Virus 1",7
"Totiviridae","Diatom colony associated dsRNA virus 3",1
"Totiviridae","Diatom colony associated dsRNA virus 5",1
"Totiviridae","Diatom colony associated dsRNA virus 7",1
"Totiviridae","Eimeria brunetti RNA virus 1",1
"Totiviridae","Eimeria stiedai RNA virus 1",1
"Totiviridae","Gremmeniella abietina RNA virus L1",2
"Totiviridae","Helicobasidium mompa totivirus 1-17",1
"Totiviridae","Leishmania RNA virus 1 - 1",1
"Totiviridae","Pythium polare RNA virus 1",2
"Totiviridae","Red clover powdery mildew-associated totivirus 2",2
"Totiviridae","Red clover powdery mildew-associated totivirus 3",2
"Totiviridae","Red clover powdery mildew-associated totivirus 9",3
"Totiviridae","Saccharomyces cerevisiae virus L-A",1
"Totiviridae","Saccharomyces cerevisiae virus L-BC (La)",2
"Totiviridae","Scheffersomyces segobiensis virus L",30
"Totiviridae","Sphaeropsis sapinea RNA virus 2",1
"Totiviridae","Tolypocladium cylindrosporum virus 1",6
"Totiviridae","Tuber aestivum virus 1",1
"Totiviridae","Xanthophyllomyces dendrorhous virus L1A",1
"Totiviridae","Xanthophyllomyces dendrorhous virus L1B",6
"Tulasviridae","Tunisian small ruminant pestivirus",2
"Tymoviridae","Alfalfa virus F",3
"Tymoviridae","Bee Macula-Like virus 2",1
"Tymoviridae","Citrus sudden death-associated virus",3
"Tymoviridae","Eggplant mosaic virus",1
"Tymoviridae","Ononis yellow mosaic virus",4
"Tymoviridae","Peach virus D",4
"Tymoviridae","Poinsettia mosaic virus",1
"Tymoviridae","Switchgrass mosaic virus",1
"Virgaviridae","Broad bean necrosis virus",1
"Virgaviridae","Cucumber green mottle mosaic virus",3
"Virgaviridae","Japanese soil-borne wheat mosaic virus",1
"Virgaviridae","Macrophomina phaseolina tobamo-like virus",3
"Virgaviridae","Nephila clavipes virus 4",4
"Virgaviridae","Obuda pepper virus",1
"Virgaviridae","Paprika mild mottle virus",4
"Virgaviridae","Pepper mild mottle virus",12
"Virgaviridae","Ribgrass mosaic virus",2
"Virgaviridae","Tobacco mild green mosaic virus",4
"Virgaviridae","Tobacco mosaic virus",4
"Virgaviridae","Tomato mosaic virus",1
"Virgaviridae","Turnip vein-clearing virus",1
"Virgaviridae","Youcai mosaic virus",2
"Xinmoviridae","Shuangao Fly Virus 2",1
"unclassified","Acanthamoeba castellanii medusavirus",2
"unclassified","Acyrthosiphon pisum virus",1
"unclassified","Aedes camptorhynchus negev-like virus",1
"unclassified","Apis mellifera filamentous virus",1
"unclassified","Bat Middle East Hepe-Astrovirus",2
"unclassified","Beet western yellows ST9 associated virus",1
"unclassified","Beihai anemone virus 1",2
"unclassified","Beihai barnacle virus 11",1
"unclassified","Beihai barnacle virus 12",1
"unclassified","Beihai barnacle virus 13",22
"unclassified","Beihai charybdis crab virus 1",2
"unclassified","Beihai echinoderm virus 1",2
"unclassified","Beihai hepe-like virus 10",2
"unclassified","Beihai hepe-like virus 4",1
"unclassified","Beihai hepe-like virus 9",1
"unclassified","Beihai mantis shrimp virus 3",2
"unclassified","Beihai mantis shrimp virus 5",1
"unclassified","Beihai mollusks virus 1",1
"unclassified","Beihai narna-like virus 1",9
"unclassified","Beihai narna-like virus 10",23
"unclassified","Beihai narna-like virus 12",2
"unclassified","Beihai narna-like virus 13",2
"unclassified","Beihai narna-like virus 14",10
"unclassified","Beihai narna-like virus 15",1
"unclassified","Beihai narna-like virus 16",12
"unclassified","Beihai narna-like virus 18",1
"unclassified","Beihai narna-like virus 2",3
"unclassified","Beihai narna-like virus 21",2
"unclassified","Beihai narna-like virus 22",1
"unclassified","Beihai narna-like virus 23",1
"unclassified","Beihai narna-like virus 26",19
"unclassified","Beihai narna-like virus 3",13
"unclassified","Beihai narna-like virus 4",6
"unclassified","Beihai narna-like virus 6",22
"unclassified","Beihai narna-like virus 8",3
"unclassified","Beihai narna-like virus 9",3
"unclassified","Beihai noda-like virus 18",6
"unclassified","Beihai noda-like virus 29",2
"unclassified","Beihai noda-like virus 5",15
"unclassified","Beihai paphia shell virus 1",2
"unclassified","Beihai paphia shell virus 2",18
"unclassified","Beihai paphia shell virus 3",1
"unclassified","Beihai partiti-like virus 2",11
"unclassified","Beihai picobirna-like virus 8",10
"unclassified","Beihai picorna-like virus 1",4
"unclassified","Beihai picorna-like virus 102",7
"unclassified","Beihai picorna-like virus 103",1
"unclassified","Beihai picorna-like virus 104",1
"unclassified","Beihai picorna-like virus 11",3
"unclassified","Beihai picorna-like virus 14",20
"unclassified","Beihai picorna-like virus 15",14
"unclassified","Beihai picorna-like virus 24",3
"unclassified","Beihai picorna-like virus 32",1
"unclassified","Beihai picorna-like virus 4",4
"unclassified","Beihai picorna-like virus 43",2
"unclassified","Beihai picorna-like virus 44",22
"unclassified","Beihai picorna-like virus 45",7
"unclassified","Beihai picorna-like virus 46",7
"unclassified","Beihai picorna-like virus 47",2
"unclassified","Beihai picorna-like virus 48",13
"unclassified","Beihai picorna-like virus 49",1
"unclassified","Beihai picorna-like virus 5",5
"unclassified","Beihai picorna-like virus 53",1
"unclassified","Beihai picorna-like virus 57",2
"unclassified","Beihai picorna-like virus 60",10
"unclassified","Beihai picorna-like virus 61",20
"unclassified","Beihai picorna-like virus 62",3
"unclassified","Beihai picorna-like virus 63",2
"unclassified","Beihai picorna-like virus 64",2
"unclassified","Beihai picorna-like virus 70",1
"unclassified","Beihai picorna-like virus 71",4
"unclassified","Beihai picorna-like virus 72",2
"unclassified","Beihai picorna-like virus 73",3
"unclassified","Beihai picorna-like virus 74",1
"unclassified","Beihai picorna-like virus 75",4
"unclassified","Beihai picorna-like virus 77",5
"unclassified","Beihai picorna-like virus 79",2
"unclassified","Beihai picorna-like virus 8",1
"unclassified","Beihai picorna-like virus 80",2
"unclassified","Beihai picorna-like virus 81",5
"unclassified","Beihai picorna-like virus 82",9
"unclassified","Beihai picorna-like virus 84",1
"unclassified","Beihai picorna-like virus 87",2
"unclassified","Beihai picorna-like virus 9",3
"unclassified","Beihai picorna-like virus 90",3
"unclassified","Beihai picorna-like virus 96",1
"unclassified","Beihai razor shell virus 3",1
"unclassified","Beihai sesarmid crab virus 2",1
"unclassified","Beihai shrimp virus 2",1
"unclassified","Beihai shrimp virus 3",2
"unclassified","Beihai shrimp virus 6",5
"unclassified","Beihai sipunculid worm virus 3",3
"unclassified","Beihai sobemo-like virus 1",1
"unclassified","Beihai sobemo-like virus 25",26
"unclassified","Beihai sobemo-like virus 9",3
"unclassified","Beihai sphaeromadae virus 2",3
"unclassified","Beihai sphaeromadae virus 3",2
"unclassified","Beihai tombus-like virus 1",7
"unclassified","Beihai tombus-like virus 10",5
"unclassified","Beihai tombus-like virus 13",8
"unclassified","Beihai tombus-like virus 14",1
"unclassified","Beihai tombus-like virus 15",13
"unclassified","Beihai tombus-like virus 19",3
"unclassified","Beihai tombus-like virus 3",1
"unclassified","Beihai tombus-like virus 5",6
"unclassified","Beihai tombus-like virus 7",17
"unclassified","Beihai tombus-like virus 8",4
"unclassified","Beihai weivirus-like virus 1",1
"unclassified","Beihai weivirus-like virus 18",1
"unclassified","Beihai weivirus-like virus 20",3
"unclassified","Beihai weivirus-like virus 5",2
"unclassified","Beihai weivirus-like virus 9",1
"unclassified","Beihai zhaovirus-like virus 1",16
"unclassified","Beihai zhaovirus-like virus 2",1
"unclassified","Beihai zhaovirus-like virus 3",13
"unclassified","Beihai zhaovirus-like virus 4",30
"unclassified","Beihai zhaovirus-like virus 5",17
"unclassified","Biratnagar virus",2
"unclassified","Bivalve hepelivirus G",3
"unclassified","Botrytis cinerea negative-stranded RNA virus 1",11
"unclassified","Bracoviriform congregatae",1
"unclassified","Burke-Gilman virus",5
"unclassified","Changjiang crawfish virus 1",6
"unclassified","Changjiang crawfish virus 2",14
"unclassified","Changjiang crawfish virus 3",2
"unclassified","Changjiang crawfish virus 4",5
"unclassified","Changjiang crawfish virus 6",2
"unclassified","Changjiang crawfish virus 7",11
"unclassified","Changjiang hepe-like virus 1",1
"unclassified","Changjiang narna-like virus 1",5
"unclassified","Changjiang narna-like virus 2",22
"unclassified","Changjiang narna-like virus 3",8
"unclassified","Changjiang narna-like virus 4",7
"unclassified","Changjiang picorna-like virus 1",2
"unclassified","Changjiang picorna-like virus 10",13
"unclassified","Changjiang picorna-like virus 11",1
"unclassified","Changjiang picorna-like virus 12",5
"unclassified","Changjiang picorna-like virus 13",13
"unclassified","Changjiang picorna-like virus 14",1
"unclassified","Changjiang picorna-like virus 3",4
"unclassified","Changjiang picorna-like virus 4",2
"unclassified","Changjiang picorna-like virus 6",1
"unclassified","Changjiang picorna-like virus 7",10
"unclassified","Changjiang picorna-like virus 8",14
"unclassified","Changjiang picorna-like virus 9",2
"unclassified","Changjiang sobemo-like virus 1",2
"unclassified","Changjiang sobemo-like virus 2",1
"unclassified","Changjiang tombus-like virus 1",2
"unclassified","Changjiang tombus-like virus 10",2
"unclassified","Changjiang tombus-like virus 11",1
"unclassified","Changjiang tombus-like virus 12",15
"unclassified","Changjiang tombus-like virus 14",5
"unclassified","Changjiang tombus-like virus 15",6
"unclassified","Changjiang tombus-like virus 16",2
"unclassified","Changjiang tombus-like virus 17",8
"unclassified","Changjiang tombus-like virus 18",9
"unclassified","Changjiang tombus-like virus 19",1
"unclassified","Changjiang tombus-like virus 2",1
"unclassified","Changjiang tombus-like virus 20",17
"unclassified","Changjiang tombus-like virus 22",31
"unclassified","Changjiang tombus-like virus 3",1
"unclassified","Changjiang tombus-like virus 4",36
"unclassified","Changjiang tombus-like virus 5",5
"unclassified","Changjiang tombus-like virus 6",8
"unclassified","Changjiang tombus-like virus 7",3
"unclassified","Changjiang tombus-like virus 8",32
"unclassified","Changjiang tombus-like virus 9",28
"unclassified","Changping earthworm virus 1",1
"unclassified","Citrus yellow vein-associated virus",4
"unclassified","Colletotrichum higginsianum non-segmented dsRNA virus 1",1
"unclassified","Diaporthe ambigua RNA virus 1",4
"unclassified","Diatom colony associated dsRNA virus 17 genome type A",4
"unclassified","Diatom colony associated dsRNA virus 17 genome type B",3
"unclassified","Elicom virus 1",10
"unclassified","Halhan virus 3",2
"unclassified","Hubei arthropod virus 1",4
"unclassified","Hubei coleoptera virus 1",2
"unclassified","Hubei dimarhabdovirus virus 2",1
"unclassified","Hubei diptera virus 12",2
"unclassified","Hubei diptera virus 14",2
"unclassified","Hubei diptera virus 16",22
"unclassified","Hubei diptera virus 17",8
"unclassified","Hubei earwig virus 3",1
"unclassified","Hubei hepe-like virus 3",1
"unclassified","Hubei insect virus 2",2
"unclassified","Hubei leech virus 1",3
"unclassified","Hubei leech virus 4",3
"unclassified","Hubei macula-like virus 2",1
"unclassified","Hubei myriapoda virus 3",1
"unclassified","Hubei narna-like virus 11",6
"unclassified","Hubei narna-like virus 12",11
"unclassified","Hubei narna-like virus 18",5
"unclassified","Hubei narna-like virus 19",5
"unclassified","Hubei narna-like virus 2",9
"unclassified","Hubei narna-like virus 21",1
"unclassified","Hubei narna-like virus 22",6
"unclassified","Hubei narna-like virus 24",6
"unclassified","Hubei narna-like virus 3",1
"unclassified","Hubei narna-like virus 5",5
"unclassified","Hubei narna-like virus 9",4
"unclassified","Hubei noda-like virus 17",10
"unclassified","Hubei noda-like virus 9",1
"unclassified","Hubei odonate virus 3",2
"unclassified","Hubei odonate virus 6",1
"unclassified","Hubei odonate virus 7",3
"unclassified","Hubei orthoptera virus 1",1
"unclassified","Hubei orthoptera virus 4",11
"unclassified","Hubei partiti-like virus 11",2
"unclassified","Hubei permutotetra-like virus 1",1
"unclassified","Hubei permutotetra-like virus 2",1
"unclassified","Hubei permutotetra-like virus 5",1
"unclassified","Hubei permutotetra-like virus 9",5
"unclassified","Hubei picorna-like virus 1",1
"unclassified","Hubei picorna-like virus 13",3
"unclassified","Hubei picorna-like virus 15",4
"unclassified","Hubei picorna-like virus 16",1
"unclassified","Hubei picorna-like virus 18",2
"unclassified","Hubei picorna-like virus 2",5
"unclassified","Hubei picorna-like virus 20",16
"unclassified","Hubei picorna-like virus 22",14
"unclassified","Hubei picorna-like virus 24",1
"unclassified","Hubei picorna-like virus 26",2
"unclassified","Hubei picorna-like virus 34",1
"unclassified","Hubei picorna-like virus 39",2
"unclassified","Hubei picorna-like virus 4",1
"unclassified","Hubei picorna-like virus 40",2
"unclassified","Hubei picorna-like virus 43",2
"unclassified","Hubei picorna-like virus 46",2
"unclassified","Hubei picorna-like virus 47",2
"unclassified","Hubei picorna-like virus 48",4
"unclassified","Hubei picorna-like virus 49",2
"unclassified","Hubei picorna-like virus 5",2
"unclassified","Hubei picorna-like virus 50",1
"unclassified","Hubei picorna-like virus 51",6
"unclassified","Hubei picorna-like virus 53",2
"unclassified","Hubei picorna-like virus 56",4
"unclassified","Hubei picorna-like virus 63",1
"unclassified","Hubei picorna-like virus 64",3
"unclassified","Hubei picorna-like virus 66",2
"unclassified","Hubei picorna-like virus 69",1
"unclassified","Hubei picorna-like virus 79",2
"unclassified","Hubei polero-like virus 2",1
"unclassified","Hubei sobemo-like virus 1",5
"unclassified","Hubei sobemo-like virus 13",1
"unclassified","Hubei sobemo-like virus 2",5
"unclassified","Hubei sobemo-like virus 22",6
"unclassified","Hubei sobemo-like virus 24",1
"unclassified","Hubei sobemo-like virus 25",1
"unclassified","Hubei sobemo-like virus 26",2
"unclassified","Hubei sobemo-like virus 29",1
"unclassified","Hubei sobemo-like virus 3",6
"unclassified","Hubei sobemo-like virus 40",2
"unclassified","Hubei sobemo-like virus 41",7
"unclassified","Hubei sobemo-like virus 47",3
"unclassified","Hubei sobemo-like virus 49",2
"unclassified","Hubei sobemo-like virus 7",2
"unclassified","Hubei sobemo-like virus 9",2
"unclassified","Hubei tetragnatha maxillosa virus 1",2
"unclassified","Hubei tetragnatha maxillosa virus 3",1
"unclassified","Hubei tetragnatha maxillosa virus 5",1
"unclassified","Hubei tetragnatha maxillosa virus 8",4
"unclassified","Hubei tick virus 1",5
"unclassified","Hubei tick virus 2",10
"unclassified","Hubei tick virus 3",5
"unclassified","Hubei tombus-like virus 1",2
"unclassified","Hubei tombus-like virus 10",2
"unclassified","Hubei tombus-like virus 12",8
"unclassified","Hubei tombus-like virus 13",1
"unclassified","Hubei tombus-like virus 15",1
"unclassified","Hubei tombus-like virus 16",1
"unclassified","Hubei tombus-like virus 17",5
"unclassified","Hubei tombus-like virus 18",2
"unclassified","Hubei tombus-like virus 19",3
"unclassified","Hubei tombus-like virus 2",2
"unclassified","Hubei tombus-like virus 20",6
"unclassified","Hubei tombus-like virus 23",4
"unclassified","Hubei tombus-like virus 24",2
"unclassified","Hubei tombus-like virus 25",3
"unclassified","Hubei tombus-like virus 26",1
"unclassified","Hubei tombus-like virus 28",1
"unclassified","Hubei tombus-like virus 3",2
"unclassified","Hubei tombus-like virus 30",5
"unclassified","Hubei tombus-like virus 31",1
"unclassified","Hubei tombus-like virus 32",4
"unclassified","Hubei tombus-like virus 33",5
"unclassified","Hubei tombus-like virus 34",1
"unclassified","Hubei tombus-like virus 36",34
"unclassified","Hubei tombus-like virus 37",4
"unclassified","Hubei tombus-like virus 39",2
"unclassified","Hubei tombus-like virus 4",2
"unclassified","Hubei tombus-like virus 40",1
"unclassified","Hubei tombus-like virus 42",5
"unclassified","Hubei tombus-like virus 5",23
"unclassified","Hubei tombus-like virus 6",12
"unclassified","Hubei tombus-like virus 7",9
"unclassified","Hubei tombus-like virus 8",34
"unclassified","Hubei tombus-like virus 9",7
"unclassified","Hubei virga-like virus 1",1
"unclassified","Hubei virga-like virus 16",1
"unclassified","Hubei virga-like virus 9",1
"unclassified","Hubei yanvirus-like virus 1",5
"unclassified","Hubei zhaovirus-like virus 1",8
"unclassified","Hubei zhaovirus-like virus 2",11
"unclassified","Ichnoviriform fumiferanae",1
"unclassified","Jingmen tombus-like virus 2",41
"unclassified","Magnaporthe oryzae RNA virus",4
"unclassified","Marine RNA virus SOG",3
"unclassified","Negev virus",1
"unclassified","Nesidiocoris tenuis virus",3
"unclassified","Pacmanvirus A23",2
"unclassified","Pandoravirus dulcis",2
"unclassified","Pandoravirus inopinatum",9
"unclassified","Pandoravirus macleodensis",26
"unclassified","Pandoravirus neocaledonia",1
"unclassified","Pandoravirus quercus",26
"unclassified","Pandoravirus salinus",40
"unclassified","Pansavirus 1",1
"unclassified","Pansavirus 2",1
"unclassified","Persimmon latent virus",2
"unclassified","Picalivirus A",3
"unclassified","Pithovirus sibericum",7
"unclassified","Pythium polare bunya-like RNA virus 1",20
"unclassified","Rhynchobatus djiddensis adomavirus 1",1
"unclassified","Rudphi virus 5",1
"unclassified","Sanxia atyid shrimp virus 1",1
"unclassified","Sanxia narna-like virus 1",19
"unclassified","Sanxia picorna-like virus 1",3
"unclassified","Sanxia picorna-like virus 11",3
"unclassified","Sanxia picorna-like virus 12",2
"unclassified","Sanxia picorna-like virus 13",1
"unclassified","Sanxia picorna-like virus 3",1
"unclassified","Sanxia picorna-like virus 5",16
"unclassified","Sanxia picorna-like virus 8",7
"unclassified","Sanxia sobemo-like virus 1",1
"unclassified","Sanxia tombus-like virus 2",28
"unclassified","Sanxia tombus-like virus 5",4
"unclassified","Sanxia tombus-like virus 7",2
"unclassified","Sanxia water strider virus 14",2
"unclassified","Sanxia water strider virus 16",13
"unclassified","Sanxia water strider virus 17",3
"unclassified","Sclerophthora macrospora virus A",43
"unclassified","Sclerophthora macrospora virus B",1
"unclassified","Shahe heteroptera virus 4",7
"unclassified","Shahe isopoda virus 5",1
"unclassified","Shahe narna-like virus 1",8
"unclassified","Shahe narna-like virus 2",4
"unclassified","Shahe picorna-like virus 1",1
"unclassified","Shahe picorna-like virus 10",18
"unclassified","Shahe picorna-like virus 11",31
"unclassified","Shahe picorna-like virus 12",9
"unclassified","Shahe picorna-like virus 4",2
"unclassified","Shahe picorna-like virus 5",1
"unclassified","Shahe picorna-like virus 9",3
"unclassified","Shahe tombus-like virus 1",14
"unclassified","Shahe tombus-like virus 2",2
"unclassified","Shayang virga-like virus 1",2
"unclassified","Shuangao alphatetra-like virus 1",3
"unclassified","Shuangao insect virus 10",1
"unclassified","Shuangao insect virus 12",2
"unclassified","Shuangao lacewing virus 2",2
"unclassified","Shuangao sobemo-like virus 2",1
"unclassified","Shuangao toti-like virus",1
"unclassified","Thika virus",3
"unclassified","Ubei picorna-like virus 3",10
"unclassified","Wenling crustacean virus 3",1
"unclassified","Wenling narna-like virus 2",4
"unclassified","Wenling narna-like virus 3",1
"unclassified","Wenling picorna-like virus 1",2
"unclassified","Wenling picorna-like virus 5",2
"unclassified","Wenling picorna-like virus 6",2
"unclassified","Wenling sobemo-like virus 1",2
"unclassified","Wenling toga-like virus",1
"unclassified","Wenling tombus-like virus 3",3
"unclassified","Wenling tombus-like virus 5",2
"unclassified","Wenzhou bivalvia virus 3",31
"unclassified","Wenzhou channeled applesnail virus 2",1
"unclassified","Wenzhou hepe-like virus 2",31
"unclassified","Wenzhou narna-like virus 2",3
"unclassified","Wenzhou narna-like virus 3",6
"unclassified","Wenzhou narna-like virus 5",29
"unclassified","Wenzhou narna-like virus 7",1
"unclassified","Wenzhou picorna-like virus 1",1
"unclassified","Wenzhou picorna-like virus 10",2
"unclassified","Wenzhou picorna-like virus 14",2
"unclassified","Wenzhou picorna-like virus 15",4
"unclassified","Wenzhou picorna-like virus 16",2
"unclassified","Wenzhou picorna-like virus 20",1
"unclassified","Wenzhou picorna-like virus 21",2
"unclassified","Wenzhou picorna-like virus 24",17
"unclassified","Wenzhou picorna-like virus 26",4
"unclassified","Wenzhou picorna-like virus 27",1
"unclassified","Wenzhou picorna-like virus 28",5
"unclassified","Wenzhou picorna-like virus 29",4
"unclassified","Wenzhou picorna-like virus 33",4
"unclassified","Wenzhou picorna-like virus 35",3
"unclassified","Wenzhou picorna-like virus 37",4
"unclassified","Wenzhou picorna-like virus 39",1
"unclassified","Wenzhou picorna-like virus 40",1
"unclassified","Wenzhou picorna-like virus 41",2
"unclassified","Wenzhou picorna-like virus 42",2
"unclassified","Wenzhou picorna-like virus 49",2
"unclassified","Wenzhou picorna-like virus 5",1
"unclassified","Wenzhou picorna-like virus 9",2
"unclassified","Wenzhou shrimp virus 10",3
"unclassified","Wenzhou sobemo-like virus 4",1
"unclassified","Wenzhou tombus-like virus 1",28
"unclassified","Wenzhou tombus-like virus 10",1
"unclassified","Wenzhou tombus-like virus 11",4
"unclassified","Wenzhou tombus-like virus 12",3
"unclassified","Wenzhou tombus-like virus 15",3
"unclassified","Wenzhou tombus-like virus 16",19
"unclassified","Wenzhou tombus-like virus 17",19
"unclassified","Wenzhou tombus-like virus 2",13
"unclassified","Wenzhou tombus-like virus 3",48
"unclassified","Wenzhou tombus-like virus 5",20
"unclassified","Wenzhou tombus-like virus 7",5
"unclassified","Wenzhou tombus-like virus 9",2
"unclassified","Wenzhou yanvirus-like virus 2",1
"unclassified","Wilkie partiti-like virus 1",1
"unclassified","Wilkie partiti-like virus 2",1
"unclassified","Wuhan Millipede virus 4",6
"unclassified","Wuhan arthropod virus 2",4
"unclassified","Wuhan arthropod virus 3",2
"unclassified","Wuhan coneheads virus 1",2
"unclassified","Wuhan cricket virus 2",3
"unclassified","Wuhan flea virus",1
"unclassified","Wuhan fly virus 4",7
"unclassified","Wuhan fly virus 5",2
"unclassified","Wuhan heteroptera virus 3",1
"unclassified","Wuhan house centipede virus 4",2
"unclassified","Wuhan house centipede virus 5",2
"unclassified","Wuhan house centipede virus 9",2
"unclassified","Wuhan insect virus 18",1
"unclassified","Wuhan insect virus 21",3
"unclassified","Wuhan insect virus 22",3
"unclassified","Wuhan insect virus 23",18
"unclassified","Wuhan insect virus 27",6
"unclassified","Wuhan insect virus 8",3
"unclassified","Wuhan large pig roundworm virus 1",3
"unclassified","Wuhan pillworm virus 1",4
"unclassified","Wuhan spider virus 3",3
"unclassified","Wuhan spider virus 7",3
"unclassified","Wuhan spider virus 8",1
"unclassified","Wuhan spider virus 9",4
"unclassified","Xingshan nematode virus 1",5
"unclassified","Xingshan nematode virus 2",3
"unclassified","Xinzhou nematode virus 1",3
"unclassified","Xinzhou nematode virus 7",3
"unclassified","Xinzhou partiti-like virus 1",4
"unclassified","Xinzhou spider virus 3",3
"unclassified","Ying Kou virus",2
"unclassified","Zhejiang mosquito virus 1",4
"unclassified Duplornaviricota","Callinectes sapidus reovirus 1",1
"unclassified Kitrinoviricota","Fusarium graminearum mycotymovirus 1",7
"unclassified Kitrinoviricota","Rhizoctonia solani flexivirus 1",3
"unclassified Lenarviricota","ssRNA phage Gerhypos.1_40",1
"unclassified Lenarviricota","ssRNA phage SRR7976300_2",4
"unclassified Lenarviricota","ssRNA phage SRR7976325_11",9
"unclassified Pisuviricota","Antarctic picorna-like virus 1",7
"unclassified Pisuviricota","Antarctic picorna-like virus 2",5
"unclassified Pisuviricota","Antarctic picorna-like virus 3",3
"unclassified Pisuviricota","Biomphalaria virus 3",1
"unclassified Pisuviricota","Bivalve RNA virus G2",9
"unclassified Pisuviricota","Bivalve RNA virus G3",29
"unclassified Pisuviricota","Blackbird arilivirus",4
"unclassified Pisuviricota","Cherry virus Trakiya",4
"unclassified Pisuviricota","Husavirus sp.",2
"unclassified Pisuviricota","Kilifi Virus",1
"unclassified Pisuviricota","Picorna-like virus AWando15",5
"unclassified Pisuviricota","Picornavirales Bu-1",3
"unclassified Pisuviricota","Picornavirales Tottori-HG1",2
"unclassified Pisuviricota","Picornavirales sp.",1
"unclassified Pisuviricota","Posavirus 1",5
"unclassified Pisuviricota","Posavirus 2",2
"unclassified Pisuviricota","Posavirus 3",6
"unclassified Pisuviricota","Sanxia atyid shrimp virus 3",1
"unclassified Pisuviricota","Sanxia picorna-like virus 9",9
"unclassified Pisuviricota","Suncus murinus picornavirus",1
"unclassified Pisuviricota","Tioga picorna-like virus 1",3
"unclassified Pisuviricota","Yili teratoscincus roborowskii picornavirus 2",1
